,PRIMARY_KEY,STATE,YEAR,ENROLL,TOTAL_REVENUE,FEDERAL_REVENUE,STATE_REVENUE,LOCAL_REVENUE,TOTAL_EXPENDITURE,INSTRUCTION_EXPENDITURE,SUPPORT_SERVICES_EXPENDITURE,OTHER_EXPENDITURE,CAPITAL_OUTLAY_EXPENDITURE,AVG_MATH_4_SCORE,AVG_MATH_8_SCORE,AVG_READING_4_SCORE,AVG_READING_8_SCORE,POPULATION,GDP,GDP_PER_CAPITA
0,2000_ALABAMA,ALABAMA,2000,730184.0,4885917.0,425978.0,3003814.0,1456125.0,5003267.0,2551713.0,1319053.0,395909.0,663903.0,217.0,264.0,,,4452173,157697.7,0.035420389099884486
1,2000_ALASKA,ALASKA,2000,132822.0,1313510.0,199520.0,774194.0,339796.0,1386904.0,717725.0,417637.0,46782.0,184546.0,,,,,627963,39566.8,0.06300817086357
2,2000_ARIZONA,ARIZONA,2000,814807.0,5479168.0,534619.0,2481089.0,2463460.0,5397194.0,2488932.0,1573568.0,270671.0,768425.0,219.0,269.0,,,5160586,207774.8,0.04026186173430692
3,2000_ARKANSAS,ARKANSAS,2000,450751.0,2844855.0,254735.0,2126099.0,464021.0,2683400.0,1531232.0,804253.0,138220.0,146666.0,216.0,257.0,,,2678588,90224.2,0.03368349294479031
4,2000_CALIFORNIA,CALIFORNIA,2000,5941946.0,46628207.0,4024940.0,26877920.0,15725347.0,45829753.0,23514388.0,12429070.0,2269603.0,5849441.0,213.0,260.0,,,33987977,1709490.6,0.05029692117303716
5,2000_COLORADO,COLORADO,2000,707436.0,5073266.0,266207.0,2083318.0,2723741.0,5444193.0,2539372.0,1674044.0,191201.0,782711.0,,,,,4326921,232832.1,0.053810111162186695
6,2000_CONNECTICUT,CONNECTICUT,2000,530363.0,5884078.0,234321.0,2298931.0,3350826.0,5605280.0,3189123.0,1634888.0,180639.0,369278.0,234.0,281.0,,,3411777,216293.1,0.06339602500397887
7,2000_DELAWARE,DELAWARE,2000,112743.0,1098555.0,69540.0,716375.0,312640.0,1040480.0,571982.0,313410.0,42630.0,79176.0,,,,,786373,56265.5,0.07155065089976385
8,2000_FLORIDA,FLORIDA,2000,2377271.0,17558787.0,1398757.0,8804217.0,7355813.0,17180954.0,7751117.0,5113323.0,1151140.0,2792662.0,,,,,16047515,641249.0,0.0399593955824313
9,2000_GEORGIA,GEORGIA,2000,1422941.0,11197766.0,710741.0,5406709.0,5080316.0,10884510.0,5701293.0,2931538.0,546396.0,1520834.0,219.0,265.0,,,8227303,391210.2,0.04755023608587164
10,2000_HAWAII,HAWAII,2000,185860.0,1404895.0,127042.0,1247256.0,30597.0,1363511.0,765134.0,373038.0,109367.0,115972.0,216.0,262.0,,,1213519,56440.5,0.046509778586079
11,2000_IDAHO,IDAHO,2000,245226.0,1452222.0,109898.0,888384.0,453940.0,1467977.0,798629.0,425211.0,59735.0,153472.0,224.0,277.0,,,1299430,47495.2,0.03655079534872983
12,2000_ILLINOIS,ILLINOIS,2000,2003839.0,17595047.0,1283052.0,6344130.0,9967865.0,18073190.0,8738312.0,5245226.0,716792.0,2467748.0,223.0,275.0,,,12434161,640878.6,0.0515417646594732
13,2000_INDIANA,INDIANA,2000,987214.0,8489991.0,426266.0,4300608.0,3763109.0,8518477.0,4143020.0,2373445.0,375026.0,841171.0,233.0,281.0,,,6091866,264054.4,0.04334540516813732
14,2000_IOWA,IOWA,2000,497301.0,3822452.0,217060.0,1879158.0,1726234.0,3974813.0,1906755.0,1104075.0,260900.0,353405.0,231.0,,,,2929067,122360.4,0.041774530934253123
15,2000_KANSAS,KANSAS,2000,469377.0,3518271.0,221530.0,2201788.0,1094953.0,3327090.0,1661540.0,1092448.0,209338.0,206141.0,232.0,283.0,,,2693681,113937.6,0.04229810434123417
16,2000_KENTUCKY,KENTUCKY,2000,646467.0,4330089.0,426956.0,2612740.0,1290393.0,4510972.0,2345581.0,1284053.0,260400.0,515109.0,219.0,270.0,,,4049021,151833.8,0.03749889170740285
17,2000_LOUISIANA,LOUISIANA,2000,750755.0,4785331.0,556240.0,2361704.0,1867387.0,4807097.0,2601684.0,1384760.0,307212.0,414669.0,218.0,259.0,,,4471885,206462.5,0.04616900926566761
18,2000_MAINE,MAINE,2000,209012.0,1792390.0,104497.0,761317.0,926576.0,1842276.0,1053067.0,474866.0,77649.0,143112.0,230.0,281.0,,,1277072,48524.6,0.03799676134156884
19,2000_MARYLAND,MARYLAND,2000,846582.0,7419047.0,409021.0,2804218.0,4205808.0,7355698.0,3874590.0,2189499.0,300044.0,760810.0,222.0,272.0,,,5311034,250851.4,0.047232120901504304
20,2000_MASSACHUSETTS,MASSACHUSETTS,2000,958907.0,9464271.0,480898.0,3926522.0,5056851.0,9466363.0,5624037.0,2503616.0,323913.0,533702.0,233.0,279.0,,,6361104,359286.0,0.05648170506251745
21,2000_MICHIGAN,MICHIGAN,2000,1700074.0,15939477.0,1030238.0,9942275.0,4966964.0,16580526.0,7709336.0,5109653.0,742727.0,1866666.0,229.0,277.0,,,9952450,438344.6,0.04404388869072439
22,2000_MINNESOTA,MINNESOTA,2000,839839.0,7344747.0,330914.0,4265438.0,2748395.0,7736391.0,3825732.0,1942294.0,531329.0,901829.0,234.0,287.0,,,4933692,247296.8,0.05012408557323805
23,2000_MISSISSIPPI,MISSISSIPPI,2000,499362.0,2743284.0,368830.0,1504225.0,870229.0,2996474.0,1524728.0,810371.0,183118.0,421075.0,211.0,254.0,,,2848353,88089.1,0.030926328302706866
24,2000_MISSOURI,MISSOURI,2000,913517.0,6675260.0,437898.0,3097822.0,3139540.0,6708608.0,3459281.0,1913563.0,374060.0,756817.0,228.0,271.0,,,5607285,245259.5,0.04373943896199319
25,2000_MONTANA,MONTANA,2000,157381.0,1104935.0,130928.0,487115.0,486892.0,1051768.0,613132.0,327975.0,41385.0,57419.0,228.0,285.0,,,903773,31369.8,0.03470982204602262
26,2000_NEBRASKA,NEBRASKA,2000,287566.0,2263952.0,152143.0,812998.0,1298811.0,2165529.0,1188826.0,570910.0,94639.0,243866.0,225.0,280.0,,,1713820,76663.0,0.0447322355906688
27,2000_NEVADA,NEVADA,2000,325610.0,2252416.0,110210.0,1378678.0,763528.0,2437438.0,1114489.0,695694.0,69965.0,428541.0,220.0,265.0,,,2018741,105454.6,0.05223780564222949
28,2000_NEW_HAMPSHIRE,NEW_HAMPSHIRE,2000,203178.0,1586869.0,54657.0,865318.0,666894.0,1640395.0,902062.0,445733.0,49746.0,130011.0,,,,,1239882,56718.8,0.045745320925700994
29,2000_NEW_JERSEY,NEW_JERSEY,2000,1279542.0,15651060.0,578978.0,6093162.0,8978920.0,15907248.0,8244717.0,5041897.0,568802.0,1320024.0,,,,,8430621,472786.5,0.05607967669285572
30,2000_NEW_MEXICO,NEW_MEXICO,2000,324489.0,2191695.0,296222.0,1571088.0,324385.0,2165031.0,1048533.0,727644.0,101479.0,255735.0,213.0,259.0,,,1821204,71960.2,0.039512432434806864
31,2000_NEW_YORK,NEW_YORK,2000,2861478.0,31906526.0,1938590.0,13766358.0,16201578.0,33683043.0,19856637.0,8377510.0,1057876.0,3266115.0,225.0,271.0,,,19001780,1084844.3,0.05709171982835293
32,2000_NORTH_CAROLINA,NORTH_CAROLINA,2000,1261586.0,9064700.0,622184.0,5897936.0,2544580.0,9275837.0,4854623.0,2356589.0,479183.0,1385226.0,230.0,276.0,,,8081614,357823.8,0.04427627946595816
33,2000_NORTH_DAKOTA,NORTH_DAKOTA,2000,112349.0,812982.0,96940.0,303132.0,412910.0,802768.0,402602.0,204117.0,55808.0,81274.0,230.0,282.0,,,642023,24653.3,0.038399403136647754
34,2000_OHIO,OHIO,2000,1822566.0,15327834.0,843432.0,6425872.0,8058530.0,14909952.0,7497388.0,4889221.0,725617.0,1378528.0,230.0,281.0,,,11363543,509601.7,0.044845318049133095
35,2000_OKLAHOMA,OKLAHOMA,2000,627032.0,3906833.0,377776.0,2162799.0,1366258.0,3876871.0,1928222.0,1226386.0,387753.0,286261.0,224.0,270.0,,,3454365,124234.5,0.03596449709280866
36,2000_OREGON,OREGON,2000,542739.0,4369400.0,268568.0,2457202.0,1643630.0,4398318.0,2288931.0,1433944.0,148604.0,391189.0,224.0,280.0,,,3429708,137819.7,0.04018409147367648
37,2000_PENNSYLVANIA,PENNSYLVANIA,2000,1782444.0,17090654.0,1022578.0,6163912.0,9904164.0,17861852.0,8818088.0,4887123.0,681741.0,1851099.0,,,,,12284173,538013.6,0.043797299175125586
38,2000_RHODE_ISLAND,RHODE_ISLAND,2000,155351.0,1464820.0,81655.0,610999.0,772166.0,1388454.0,845667.0,421472.0,57496.0,30587.0,224.0,269.0,,,1050268,45252.1,0.043086240845193795
39,2000_SOUTH_CAROLINA,SOUTH_CAROLINA,2000,666780.0,4690418.0,366587.0,2420494.0,1903337.0,4961392.0,2426139.0,1418846.0,278840.0,716110.0,220.0,265.0,,,4024223,150403.1,0.0373744447064688
40,2000_SOUTH_DAKOTA,SOUTH_DAKOTA,2000,130279.0,868161.0,105960.0,302405.0,459796.0,898609.0,443779.0,245481.0,36959.0,144296.0,,,,,755844,29399.2,0.03889585681701515
41,2000_TENNESSEE,TENNESSEE,2000,907222.0,5338531.0,462000.0,2429713.0,2446818.0,5805181.0,3166208.0,1471174.0,307022.0,743326.0,220.0,262.0,,,5703719,233697.5,0.04097282843001207
42,2000_TEXAS,TEXAS,2000,3965971.0,28918934.0,2406972.0,12471856.0,14040106.0,31067935.0,15018072.0,8307904.0,1371714.0,4719976.0,231.0,273.0,,,20944499,998148.9,0.047656852522469026
43,2000_UTAH,UTAH,2000,477835.0,2546642.0,189502.0,1507711.0,849429.0,2478420.0,1355794.0,596620.0,192296.0,270172.0,227.0,274.0,,,2244502,92626.6,0.04126821896349391
44,2000_VERMONT,VERMONT,2000,99609.0,1211370.0,65052.0,711259.0,435059.0,1193813.0,555740.0,283821.0,29595.0,39112.0,232.0,281.0,,,609618,23022.8,0.03776594523127598
45,2000_VIRGINIA,VIRGINIA,2000,1132673.0,8911426.0,491873.0,3761983.0,4657570.0,9154676.0,4823780.0,2639328.0,347530.0,1011384.0,230.0,275.0,,,7105817,346997.3,0.04883285060676344
46,2000_WASHINGTON,WASHINGTON,2000,1003714.0,7620930.0,543966.0,4812796.0,2264168.0,7811937.0,3818756.0,2285577.0,350703.0,1048059.0,,,,,5910512,312645.6,0.0528965341750427
47,2000_WEST_VIRGINIA,WEST_VIRGINIA,2000,290982.0,2243151.0,210082.0,1365346.0,667723.0,2243563.0,1271988.0,672003.0,156775.0,129872.0,223.0,266.0,,,1807021,62001.4,0.034311388744237066
48,2000_WISCONSIN,WISCONSIN,2000,877165.0,7848352.0,354829.0,4292527.0,3200996.0,8183251.0,4225688.0,2316000.0,265155.0,958597.0,,,,,5373999,233212.3,0.043396416709418816
49,2000_WYOMING,WYOMING,2000,91883.0,787323.0,66085.0,408356.0,312882.0,769923.0,417424.0,242832.0,24899.0,70579.0,229.0,276.0,,,494300,27676.7,0.05599170544203925
50,2002_ALABAMA,ALABAMA,2002,726367.0,5128559.0,508425.0,3010983.0,1609151.0,5147821.0,2720735.0,1414594.0,418949.0,496146.0,,,207.0,253.0,4480089,161258.0,0.03599437421890503
51,2002_ALASKA,ALASKA,2002,133010.0,1377767.0,249222.0,773418.0,355127.0,1523327.0,747223.0,485124.0,50601.0,215409.0,,,,,642337,42915.8,0.06681196941792238
52,2002_ARIZONA,ARIZONA,2002,859588.0,6192222.0,619869.0,2825228.0,2747125.0,6018188.0,2659448.0,1833852.0,286945.0,966925.0,,,205.0,257.0,5396255,219370.4,0.040652341299660597
53,2002_ARKANSAS,ARKANSAS,2002,449161.0,3147921.0,331069.0,2334551.0,482301.0,3087453.0,1697645.0,910208.0,165003.0,239177.0,,,213.0,260.0,2705927,92989.3,0.03436504384634175
54,2002_CALIFORNIA,CALIFORNIA,2002,6136915.0,54727056.0,5084409.0,31005317.0,18637330.0,56464225.0,28593157.0,15568570.0,2882414.0,6998522.0,,,206.0,250.0,34871843,1747199.5,0.05010344592340588
55,2002_COLORADO,COLORADO,2002,741319.0,5849588.0,338856.0,2460333.0,3050399.0,6237142.0,2963406.0,1967267.0,225545.0,779315.0,,,,,4490406,236869.2,0.052750063134602974
56,2002_CONNECTICUT,CONNECTICUT,2002,543829.0,6644334.0,288620.0,2490036.0,3865678.0,6475918.0,3570517.0,1847167.0,241930.0,542302.0,,,229.0,267.0,3458749,219956.8,0.06359432268719123
57,2002_DELAWARE,DELAWARE,2002,111331.0,1180255.0,86532.0,764350.0,329373.0,1246284.0,645895.0,352551.0,51060.0,154186.0,,,224.0,267.0,806169,56897.3,0.07057738513884806
58,2002_FLORIDA,FLORIDA,2002,2500179.0,18541689.0,1762460.0,8542871.0,8236358.0,19051049.0,8781232.0,5589428.0,1245146.0,2999914.0,,,214.0,261.0,16689370,684994.9,0.041043784157221035
59,2002_GEORGIA,GEORGIA,2002,1470634.0,13042229.0,904826.0,6361710.0,5775693.0,12690343.0,6894589.0,3341604.0,616115.0,1659378.0,,,215.0,258.0,8508256,399790.5,0.0469885367812158
60,2002_HAWAII,HAWAII,2002,184546.0,1889600.0,170152.0,1684226.0,35222.0,1436637.0,815123.0,457784.0,121615.0,42115.0,,,208.0,252.0,1239613,57913.9,0.046719339019516574
61,2002_IDAHO,IDAHO,2002,244937.0,1625444.0,138930.0,988386.0,498128.0,1666027.0,896815.0,499035.0,67785.0,167918.0,,,220.0,266.0,1340372,47334.4,0.035314375412199
62,2002_ILLINOIS,ILLINOIS,2002,2047836.0,19084554.0,1438287.0,6808150.0,10838117.0,20563001.0,9904454.0,6025120.0,683101.0,2897117.0,,,,,12525556,646998.4,0.05165426588648041
63,2002_INDIANA,INDIANA,2002,994348.0,9273957.0,523331.0,4446730.0,4303896.0,9353054.0,4586033.0,2650367.0,365778.0,875596.0,,,222.0,265.0,6155967,265089.5,0.04306220290004804
64,2002_IOWA,IOWA,2002,485932.0,4191217.0,273857.0,1951680.0,1965680.0,4418238.0,2109878.0,1180608.0,278099.0,459382.0,,,223.0,,2934234,124277.0,0.04235415444030708
65,2002_KANSAS,KANSAS,2002,470204.0,3823261.0,282329.0,2281992.0,1258940.0,3690815.0,1958937.0,1195259.0,166405.0,231630.0,,,222.0,269.0,2713535,115707.1,0.04264072510581216
66,2002_KENTUCKY,KENTUCKY,2002,654363.0,4621025.0,486226.0,2743882.0,1390917.0,4541670.0,2598897.0,1424273.0,277021.0,146218.0,,,219.0,265.0,4089875,155672.9,0.038062997035361715
67,2002_LOUISIANA,LOUISIANA,2002,725027.0,5229238.0,667687.0,2536111.0,2025440.0,5298267.0,2882613.0,1536497.0,329637.0,443002.0,,,207.0,256.0,4497267,213120.2,0.047388825257650924
68,2002_MAINE,MAINE,2002,205344.0,2041986.0,141528.0,853761.0,1046697.0,2057022.0,1180701.0,548552.0,78092.0,140092.0,,,225.0,270.0,1295960,50636.0,0.0390721935862218
69,2002_MARYLAND,MARYLAND,2002,860640.0,8430663.0,527311.0,3133775.0,4769577.0,8568446.0,4482809.0,2469485.0,392195.0,941083.0,,,217.0,263.0,5440389,270898.8,0.049794012891357584
70,2002_MASSACHUSETTS,MASSACHUSETTS,2002,959641.0,11217085.0,600037.0,4681737.0,5935311.0,11507438.0,6256148.0,3256542.0,351743.0,1154305.0,,,234.0,271.0,6417206,364926.0,0.056866804649874106
71,2002_MICHIGAN,MICHIGAN,2002,1724961.0,18055855.0,1254550.0,11203813.0,5597492.0,18881772.0,8402799.0,5841256.0,862090.0,2353031.0,,,219.0,265.0,10015710,435280.8,0.04345980464689972
72,2002_MINNESOTA,MINNESOTA,2002,832265.0,8065042.0,409915.0,4771002.0,2884125.0,8716123.0,4113812.0,2071915.0,595228.0,1283085.0,,,225.0,,5018935,252674.8,0.05034430611275101
73,2002_MISSISSIPPI,MISSISSIPPI,2002,492198.0,3029559.0,438583.0,1639832.0,951144.0,3026111.0,1586661.0,875637.0,196509.0,299474.0,,,203.0,255.0,2858681,88354.0,0.030907261075999736
74,2002_MISSOURI,MISSOURI,2002,909918.0,7455539.0,544538.0,3347137.0,3563864.0,7636924.0,3901665.0,2224948.0,432144.0,828732.0,,,220.0,268.0,5674825,246885.3,0.043505359196098554
75,2002_MONTANA,MONTANA,2002,151751.0,1168799.0,151981.0,554360.0,462458.0,1163960.0,662030.0,361751.0,47877.0,70448.0,,,224.0,270.0,911667,32514.1,0.03566444765468093
76,2002_NEBRASKA,NEBRASKA,2002,283789.0,2528312.0,199359.0,879775.0,1449178.0,2562812.0,1338653.0,667614.0,107557.0,365430.0,,,222.0,270.0,1728292,79684.7,0.04610603995158225
77,2002_NEVADA,NEVADA,2002,354869.0,2592064.0,152525.0,1582993.0,856546.0,2913023.0,1343669.0,738868.0,87437.0,604874.0,,,209.0,251.0,2173791,110165.0,0.05067874510475018
78,2002_NEW_HAMPSHIRE,NEW_HAMPSHIRE,2002,203072.0,1887115.0,85440.0,943592.0,858083.0,1956047.0,1047490.0,523976.0,57559.0,186830.0,,,,,1269089,59057.6,0.046535428169340365
79,2002_NEW_JERSEY,NEW_JERSEY,2002,1326196.0,18071365.0,720470.0,7336383.0,10014512.0,18155147.0,9328162.0,5983500.0,611449.0,1406121.0,,,,,8552643,486924.3,0.056932611357682066
80,2002_NEW_MEXICO,NEW_MEXICO,2002,317548.0,2537261.0,352892.0,1832491.0,351878.0,2542682.0,1195658.0,814180.0,123712.0,373224.0,,,208.0,254.0,1855309,74241.5,0.04001570627857678
81,2002_NEW_YORK,NEW_YORK,2002,2846068.0,35748163.0,2206496.0,17337735.0,16203932.0,39585780.0,23167459.0,9379511.0,1183476.0,4809068.0,,,222.0,264.0,19137800,1098776.8,0.057413955627083575
82,2002_NORTH_CAROLINA,NORTH_CAROLINA,2002,1296156.0,9701231.0,777970.0,5929203.0,2994058.0,9882399.0,5339340.0,2625671.0,523333.0,1133555.0,,,222.0,265.0,8326201,365828.8,0.0439370608516417
83,2002_NORTH_DAKOTA,NORTH_DAKOTA,2002,105936.0,846759.0,111063.0,303280.0,432416.0,838666.0,435631.0,224356.0,58523.0,57468.0,,,224.0,268.0,638168,26404.4,0.041375311830113705
84,2002_OHIO,OHIO,2002,1796603.0,17589983.0,982401.0,7811620.0,8795962.0,17608944.0,8477091.0,5665971.0,784876.0,2128307.0,,,222.0,268.0,11407889,514107.0,0.04506591885667892
85,2002_OKLAHOMA,OKLAHOMA,2002,622115.0,4370415.0,497834.0,2345888.0,1526693.0,4467944.0,2193731.0,1439564.0,445761.0,341768.0,,,213.0,262.0,3489080,131054.0,0.03756119091565685
86,2002_OREGON,OREGON,2002,549604.0,4772603.0,395295.0,2662513.0,1714795.0,4980466.0,2475697.0,1597299.0,171505.0,557041.0,,,220.0,268.0,3513424,139645.3,0.03974621338045166
87,2002_PENNSYLVANIA,PENNSYLVANIA,2002,1766513.0,18586743.0,1290818.0,6637673.0,10658252.0,20018554.0,9673879.0,5448465.0,757486.0,2252267.0,,,221.0,265.0,12331031,549673.5,0.04457644295923025
88,2002_RHODE_ISLAND,RHODE_ISLAND,2002,156624.0,1633707.0,96488.0,676371.0,860848.0,1600087.0,964169.0,484397.0,56173.0,27003.0,,,220.0,262.0,1065995,47584.9,0.04463895234030178
89,2002_SOUTH_CAROLINA,SOUTH_CAROLINA,2002,674347.0,5627004.0,494207.0,2857497.0,2275300.0,5897462.0,2832106.0,1620800.0,315248.0,956612.0,,,214.0,258.0,4107795,154711.8,0.03766297977382026
90,2002_SOUTH_DAKOTA,SOUTH_DAKOTA,2002,127129.0,930874.0,127130.0,346086.0,457658.0,981977.0,485846.0,271549.0,42634.0,149374.0,,,,,760020,32767.8,0.04311439172653351
91,2002_TENNESSEE,TENNESSEE,2002,897695.0,5785857.0,550490.0,2544653.0,2690714.0,6363357.0,3478604.0,1624709.0,328546.0,762594.0,,,214.0,260.0,5795918,240535.8,0.04150089770076112
92,2002_TEXAS,TEXAS,2002,4112315.0,32802734.0,2941562.0,12930564.0,16930608.0,35668486.0,16826484.0,9580137.0,1582967.0,5399775.0,,,217.0,262.0,21690325,1042350.8,0.048056024978878835
93,2002_UTAH,UTAH,2002,480526.0,2865058.0,238599.0,1680625.0,945834.0,2924051.0,1534954.0,683525.0,200572.0,426219.0,,,222.0,263.0,2324815,95899.2,0.041250250019894054
94,2002_VERMONT,VERMONT,2002,96427.0,1387074.0,68819.0,766164.0,552091.0,1392880.0,628188.0,326292.0,31686.0,65657.0,,,227.0,272.0,615442,24452.8,0.03973209498214291
95,2002_VIRGINIA,VIRGINIA,2002,1162045.0,9914221.0,624507.0,4002347.0,5287367.0,10209197.0,5373701.0,3003921.0,399357.0,1127185.0,,,225.0,269.0,7286873,362314.0,0.04972146488624133
96,2002_WASHINGTON,WASHINGTON,2002,1009200.0,8250593.0,640386.0,5194962.0,2415245.0,8362656.0,4182265.0,2430537.0,382728.0,1037135.0,,,224.0,268.0,6052349,310321.5,0.0512729024714206
97,2002_WEST_VIRGINIA,WEST_VIRGINIA,2002,282145.0,2413744.0,258017.0,1451026.0,704701.0,2427316.0,1346601.0,710125.0,163018.0,194544.0,,,219.0,264.0,1805414,62797.6,0.034782936212968324
98,2002_WISCONSIN,WISCONSIN,2002,875216.0,8624767.0,450159.0,4682300.0,3492308.0,8863966.0,4642886.0,2601068.0,325160.0,863118.0,,,,,5445162,241068.4,0.0442720345143083
99,2002_WYOMING,WYOMING,2002,87897.0,908719.0,75498.0,443525.0,389696.0,868607.0,463839.0,272836.0,27488.0,92550.0,,,221.0,265.0,500017,29917.0,0.05983196571316575
100,2003_ALABAMA,ALABAMA,2003,727900.0,5196054.0,567704.0,2966981.0,1661369.0,5298932.0,2817111.0,1521462.0,424662.0,432279.0,223.0,262.0,207.0,253.0,4503491,165250.5,0.036693867046697776
101,2003_ALASKA,ALASKA,2003,133303.0,1425948.0,259423.0,813371.0,353154.0,1610289.0,763525.0,514052.0,55715.0,247005.0,233.0,279.0,212.0,256.0,648414,42132.7,0.0649780849889114
102,2003_ARIZONA,ARIZONA,2003,875111.0,6529894.0,740579.0,2912629.0,2876686.0,6210287.0,2810907.0,1964229.0,303924.0,864642.0,229.0,271.0,209.0,255.0,5510364,233339.1,0.042345496595143264
103,2003_ARKANSAS,ARKANSAS,2003,450158.0,3241275.0,379947.0,2394336.0,466992.0,3242799.0,1768713.0,972598.0,170767.0,247245.0,229.0,266.0,214.0,258.0,2724816,96714.2,0.03549384618998127
104,2003_CALIFORNIA,CALIFORNIA,2003,6226552.0,59815855.0,5795655.0,33617766.0,20402434.0,59749885.0,29561563.0,17030335.0,2995767.0,7341541.0,227.0,267.0,206.0,251.0,35253159,1829296.5,0.051890285917355665
105,2003_COLORADO,COLORADO,2003,751049.0,6297242.0,400219.0,2715219.0,3181804.0,6685029.0,3168745.0,2149761.0,236480.0,821129.0,235.0,283.0,224.0,268.0,4528732,238843.8,0.05273966311099884
106,2003_CONNECTICUT,CONNECTICUT,2003,548466.0,6959891.0,351001.0,2481901.0,4126989.0,6751815.0,3721466.0,1951609.0,252325.0,539870.0,241.0,284.0,228.0,267.0,3484336,222125.2,0.06374964986155182
107,2003_DELAWARE,DELAWARE,2003,111282.0,1242436.0,91986.0,794472.0,355978.0,1317447.0,673997.0,367660.0,53399.0,171247.0,236.0,277.0,224.0,265.0,818003,57916.4,0.07080218532205872
108,2003_FLORIDA,FLORIDA,2003,2536699.0,19549835.0,1956803.0,8689141.0,8903891.0,20180142.0,9622598.0,5938231.0,1225274.0,2924134.0,234.0,271.0,218.0,257.0,17004085,714958.5,0.04204627887945749
109,2003_GEORGIA,GEORGIA,2003,1495819.0,13524807.0,1051973.0,6551699.0,5921135.0,13516783.0,7352918.0,3615906.0,649880.0,1705482.0,230.0,270.0,214.0,258.0,8622793,410866.0,0.047648830257203206
110,2003_HAWAII,HAWAII,2003,183829.0,2078877.0,170377.0,1873318.0,35182.0,1602392.0,888473.0,521929.0,128941.0,63049.0,227.0,266.0,208.0,251.0,1251154,60828.5,0.04861791594000419
111,2003_IDAHO,IDAHO,2003,248515.0,1685984.0,162530.0,994022.0,529432.0,1726941.0,924434.0,510284.0,69672.0,185850.0,235.0,280.0,218.0,264.0,1363380,48624.8,0.035664891666299936
112,2003_ILLINOIS,ILLINOIS,2003,2062664.0,19627346.0,1618724.0,6792637.0,11215985.0,21278177.0,10409933.0,6336325.0,706758.0,2727980.0,233.0,277.0,216.0,266.0,12556006,656380.3,0.05227620152459309
113,2003_INDIANA,INDIANA,2003,999713.0,8246076.0,582940.0,4569923.0,3093213.0,9777720.0,4785880.0,2848989.0,377679.0,859389.0,238.0,281.0,220.0,265.0,6196638,275172.6,0.04440675734164235
114,2003_IOWA,IOWA,2003,482210.0,4374803.0,304688.0,1974708.0,2095407.0,4517990.0,2157225.0,1208401.0,284796.0,459042.0,238.0,284.0,223.0,268.0,2941999,129246.4,0.043931490119473185
115,2003_KANSAS,KANSAS,2003,470264.0,4068800.0,311152.0,2397661.0,1359987.0,3818740.0,2068389.0,1196089.0,167265.0,235653.0,242.0,284.0,220.0,266.0,2723004,117541.4,0.04316607687686099
116,2003_KENTUCKY,KENTUCKY,2003,660782.0,4872025.0,503734.0,2904331.0,1463960.0,4700494.0,2688476.0,1473773.0,282473.0,127011.0,229.0,274.0,219.0,266.0,4117170,159399.5,0.03871579264397632
117,2003_LOUISIANA,LOUISIANA,2003,723252.0,5478321.0,739078.0,2638985.0,2100258.0,5515322.0,3009591.0,1645457.0,337709.0,409705.0,226.0,266.0,205.0,253.0,4521042,221295.9,0.04894798588466995
118,2003_MAINE,MAINE,2003,203848.0,2162605.0,163516.0,874208.0,1124881.0,2154117.0,1255095.0,569146.0,79491.0,137716.0,238.0,282.0,224.0,268.0,1306513,51733.5,0.03959662092914498
119,2003_MARYLAND,MARYLAND,2003,866743.0,8700979.0,571108.0,3317403.0,4812468.0,8732518.0,4738579.0,2630831.0,385935.0,674852.0,233.0,278.0,219.0,262.0,5496269,277982.6,0.0505766002355416
120,2003_MASSACHUSETTS,MASSACHUSETTS,2003,967200.0,11591832.0,712487.0,4757632.0,6121713.0,11382398.0,6521028.0,3444135.0,356389.0,424368.0,242.0,287.0,228.0,273.0,6422565,374692.5,0.05834000901508977
121,2003_MICHIGAN,MICHIGAN,2003,1764327.0,18488359.0,1357006.0,11227903.0,5903450.0,19680370.0,8725075.0,6144707.0,844762.0,2453532.0,236.0,276.0,219.0,264.0,10041152,442746.4,0.04409318771391968
122,2003_MINNESOTA,MINNESOTA,2003,825674.0,8484497.0,463746.0,6064474.0,1956277.0,8938770.0,4318736.0,2130933.0,613899.0,1204124.0,242.0,291.0,223.0,268.0,5053572,263658.3,0.052172661238426996
123,2003_MISSISSIPPI,MISSISSIPPI,2003,491623.0,3260771.0,482904.0,1754451.0,1023416.0,3205193.0,1702193.0,965269.0,203597.0,267397.0,223.0,261.0,205.0,255.0,2868312,92036.3,0.032087269446280604
124,2003_MISSOURI,MISSOURI,2003,921625.0,7622601.0,559732.0,3430809.0,3632060.0,7905481.0,4087984.0,2334521.0,448752.0,767068.0,235.0,279.0,222.0,267.0,5709403,253103.3,0.0443309571946489
125,2003_MONTANA,MONTANA,2003,149801.0,1205602.0,171819.0,553269.0,480514.0,1214879.0,687104.0,384824.0,48570.0,75983.0,236.0,286.0,223.0,270.0,919630,33860.3,0.036819481748094345
126,2003_NEBRASKA,NEBRASKA,2003,283934.0,2600831.0,225861.0,878715.0,1496255.0,2623966.0,1414919.0,683210.0,112145.0,329746.0,236.0,282.0,221.0,266.0,1738643,84099.1,0.04837053955297321
127,2003_NEVADA,NEVADA,2003,369498.0,2778564.0,191839.0,1663026.0,923699.0,3009028.0,1406660.0,767835.0,88985.0,576610.0,228.0,268.0,207.0,252.0,2248850,115128.3,0.051194299308535474
128,2003_NEW_HAMPSHIRE,NEW_HAMPSHIRE,2003,203702.0,2028602.0,101294.0,957471.0,969837.0,2122604.0,1119824.0,570036.0,60830.0,214807.0,243.0,286.0,228.0,271.0,1279840,61610.0,0.04813882985373172
129,2003_NEW_JERSEY,NEW_JERSEY,2003,1350330.0,19785039.0,797717.0,8135014.0,10852308.0,19812932.0,10169992.0,6429003.0,677268.0,1626453.0,239.0,281.0,225.0,268.0,8601402,499353.6,0.05805490779293887
130,2003_NEW_MEXICO,NEW_MEXICO,2003,320264.0,2626262.0,383513.0,1905419.0,337330.0,2658140.0,1239571.0,851701.0,131177.0,399406.0,223.0,263.0,203.0,252.0,1877574,77088.4,0.04105744966643125
131,2003_NEW_YORK,NEW_YORK,2003,2879228.0,38033080.0,2591430.0,17509618.0,17932032.0,41603390.0,24786376.0,10000845.0,1156927.0,4489672.0,236.0,280.0,222.0,265.0,19175939,1101603.6,0.057447178988210175
132,2003_NORTH_CAROLINA,NORTH_CAROLINA,2003,1314632.0,9907235.0,888996.0,5970302.0,3047937.0,9989670.0,5517870.0,2721749.0,528694.0,940500.0,242.0,281.0,221.0,262.0,8422501,374588.0,0.04447467563375772
133,2003_NORTH_DAKOTA,NORTH_DAKOTA,2003,103785.0,882913.0,126023.0,306647.0,450243.0,895278.0,448720.0,239435.0,60008.0,81014.0,238.0,287.0,222.0,270.0,638817,27996.7,0.04382585310034016
134,2003_OHIO,OHIO,2003,1803966.0,18018740.0,1097349.0,7844992.0,9076399.0,18760200.0,8958790.0,6097596.0,800930.0,2324140.0,238.0,282.0,222.0,267.0,11434788,522440.1,0.04568865640534831
135,2003_OKLAHOMA,OKLAHOMA,2003,624202.0,4426835.0,563974.0,2272785.0,1590076.0,4376502.0,2158574.0,1402007.0,453806.0,307213.0,229.0,272.0,214.0,262.0,3504892,132931.1,0.03792730275283804
136,2003_OREGON,OREGON,2003,552135.0,4592019.0,407432.0,2348070.0,1836517.0,4978764.0,2458415.0,1546156.0,175667.0,606048.0,236.0,281.0,218.0,264.0,3547376,145500.1,0.041016261033507584
137,2003_PENNSYLVANIA,PENNSYLVANIA,2003,1757066.0,19811545.0,1419644.0,6912678.0,11479223.0,20626459.0,10151195.0,5765734.0,810211.0,1848552.0,236.0,279.0,219.0,264.0,12374658,561781.4,0.045397731395889894
138,2003_RHODE_ISLAND,RHODE_ISLAND,2003,157286.0,1728055.0,109011.0,713197.0,905847.0,1646238.0,971700.0,525727.0,64258.0,31360.0,230.0,272.0,216.0,261.0,1071342,49348.1,0.04606194847210321
139,2003_SOUTH_CAROLINA,SOUTH_CAROLINA,2003,691736.0,5709707.0,535356.0,2761951.0,2412400.0,6024747.0,2888468.0,1731328.0,324241.0,865462.0,236.0,277.0,215.0,258.0,4150297,160100.1,0.03857557663945496
140,2003_SOUTH_DAKOTA,SOUTH_DAKOTA,2003,127632.0,965778.0,148498.0,328576.0,488704.0,993823.0,499480.0,295468.0,42694.0,122247.0,237.0,285.0,222.0,270.0,763729,33381.1,0.043708043036207865
141,2003_TENNESSEE,TENNESSEE,2003,905050.0,5994756.0,608447.0,2648909.0,2737400.0,6482671.0,3621601.0,1716956.0,341055.0,635950.0,228.0,268.0,212.0,258.0,5847812,247175.6,0.04226804828883008
142,2003_TEXAS,TEXAS,2003,4201914.0,35143236.0,3360082.0,13675228.0,18107926.0,37333674.0,18009879.0,10264033.0,1731131.0,4764154.0,237.0,277.0,215.0,259.0,22030931,1048182.1,0.04757774875696356
143,2003_UTAH,UTAH,2003,483066.0,2875622.0,263030.0,1607204.0,1005388.0,2957874.0,1508566.0,705128.0,205147.0,469251.0,235.0,281.0,219.0,264.0,2360137,97639.9,0.04137043739410042
144,2003_VERMONT,VERMONT,2003,94901.0,1451171.0,79956.0,779124.0,592091.0,1440961.0,662999.0,345187.0,32289.0,46411.0,242.0,286.0,226.0,271.0,617858,25293.8,0.04093788540408961
145,2003_VIRGINIA,VIRGINIA,2003,1175458.0,10504167.0,698716.0,4087720.0,5717731.0,10746679.0,5661291.0,3184333.0,425933.0,1069375.0,239.0,282.0,223.0,268.0,7366977,376191.2,0.051064527553160544
146,2003_WASHINGTON,WASHINGTON,2003,1014577.0,8565636.0,702469.0,5334268.0,2528899.0,8802387.0,4332487.0,2514359.0,396084.0,1189781.0,238.0,281.0,221.0,264.0,6104115,315728.1,0.05172381254285019
147,2003_WEST_VIRGINIA,WEST_VIRGINIA,2003,281591.0,2497707.0,267470.0,1519848.0,710389.0,2524444.0,1420396.0,761887.0,164473.0,166233.0,231.0,271.0,219.0,260.0,1812295,62938.6,0.03472867276022943
148,2003_WISCONSIN,WISCONSIN,2003,875390.0,8931497.0,530014.0,4838109.0,3563374.0,9128279.0,4844788.0,2757563.0,346325.0,733156.0,237.0,284.0,221.0,266.0,5479203,247796.9,0.04522498983885065
149,2003_WYOMING,WYOMING,2003,85966.0,962240.0,84308.0,489199.0,388733.0,915515.0,473447.0,292271.0,27608.0,110312.0,241.0,284.0,222.0,267.0,503453,30646.5,0.0608726137295835
150,2005_ALABAMA,ALABAMA,2005,729342.0,5889966.0,665924.0,3247562.0,1976480.0,5904664.0,3053380.0,1744013.0,462605.0,511944.0,225.0,262.0,208.0,252.0,4569805,181871.0,0.039798415906149166
151,2005_ALASKA,ALASKA,2005,132568.0,1599739.0,302846.0,878731.0,418162.0,1751718.0,829666.0,559084.0,55782.0,268700.0,236.0,279.0,211.0,259.0,666946,45064.7,0.06756873869848533
152,2005_ARIZONA,ARIZONA,2005,919875.0,7550109.0,897553.0,3320196.0,3332360.0,7136794.0,3423716.0,2264931.0,351097.0,861286.0,230.0,274.0,207.0,255.0,5839077,263047.3,0.04504946586592367
153,2005_ARKANSAS,ARKANSAS,2005,461667.0,3978240.0,447012.0,2995788.0,535440.0,3999608.0,2118580.0,1173643.0,200865.0,393713.0,236.0,272.0,217.0,258.0,2781097,104758.6,0.037668085651093794
154,2005_CALIFORNIA,CALIFORNIA,2005,6307022.0,62171797.0,7148863.0,34912166.0,20110768.0,66196072.0,31070450.0,18046385.0,3132465.0,10223657.0,230.0,269.0,207.0,250.0,35827943,1988736.5,0.05550797320404356
155,2005_COLORADO,COLORADO,2005,765388.0,6910296.0,472246.0,2954915.0,3483135.0,7284280.0,3380399.0,2343655.0,260280.0,918985.0,239.0,281.0,224.0,265.0,4631888,251266.6,0.05424712341921912
156,2005_CONNECTICUT,CONNECTICUT,2005,552512.0,7898694.0,401558.0,2886076.0,4611060.0,7452057.0,4177845.0,2200133.0,277388.0,496778.0,242.0,281.0,226.0,264.0,3506956,242380.3,0.06911415483969573
157,2005_DELAWARE,DELAWARE,2005,112562.0,1431710.0,106513.0,894498.0,430699.0,1480157.0,761786.0,424220.0,62086.0,172879.0,240.0,281.0,226.0,266.0,845150,59821.9,0.07078258297343668
158,2005_FLORIDA,FLORIDA,2005,2645280.0,23216404.0,2328513.0,9940813.0,10947078.0,23857012.0,11270907.0,6876508.0,1363005.0,3803764.0,239.0,274.0,219.0,256.0,17842038,806805.0,0.045219329764906904
159,2005_GEORGIA,GEORGIA,2005,1552758.0,14724731.0,1375318.0,6449103.0,6900310.0,14492666.0,7886069.0,3954215.0,658022.0,1794894.0,234.0,272.0,214.0,257.0,8925922,445803.4,0.049944801220534976
160,2005_HAWAII,HAWAII,2005,183185.0,2274166.0,236973.0,1986615.0,50578.0,1765805.0,1007207.0,559178.0,137949.0,61471.0,230.0,266.0,210.0,249.0,1292729,68553.0,0.053029675980039125
161,2005_IDAHO,IDAHO,2005,253782.0,1796035.0,192039.0,1023550.0,580446.0,1819519.0,989703.0,531569.0,77321.0,181622.0,242.0,281.0,222.0,264.0,1428241,55380.9,0.038775598796001516
162,2005_ILLINOIS,ILLINOIS,2005,2072437.0,21611180.0,1835598.0,7152163.0,12623419.0,22035569.0,11063949.0,6900767.0,755227.0,2137191.0,233.0,278.0,216.0,264.0,12609903,688522.6,0.054601736428900365
163,2005_INDIANA,INDIANA,2005,1014528.0,11653165.0,708922.0,5224277.0,5719966.0,11071431.0,5343758.0,3228234.0,413599.0,982893.0,240.0,282.0,218.0,261.0,6278616,285607.9,0.04548898993026489
164,2005_IOWA,IOWA,2005,478319.0,4638125.0,363930.0,2051926.0,2222269.0,4599549.0,2323233.0,1301312.0,214893.0,538313.0,240.0,284.0,221.0,267.0,2964454,143905.3,0.04854361039166065
165,2005_KANSAS,KANSAS,2005,468481.0,4223632.0,356865.0,2360120.0,1506647.0,4076597.0,2174402.0,1257432.0,183824.0,308365.0,246.0,284.0,220.0,267.0,2745299,122325.6,0.044558206592433106
166,2005_KENTUCKY,KENTUCKY,2005,674502.0,5444309.0,646215.0,3121503.0,1676591.0,5750671.0,2864633.0,1660844.0,336579.0,741433.0,231.0,274.0,220.0,264.0,4182742,168840.3,0.04036593698583369
167,2005_LOUISIANA,LOUISIANA,2005,717625.0,5975074.0,844640.0,2787542.0,2342892.0,5941561.0,3264689.0,1854202.0,362965.0,350658.0,230.0,268.0,209.0,253.0,4576628,245727.5,0.053691822887942824
168,2005_MAINE,MAINE,2005,198745.0,2324789.0,197651.0,895595.0,1231543.0,2325138.0,1355800.0,620991.0,96318.0,128520.0,241.0,281.0,225.0,270.0,1318787,53606.5,0.04064833820776213
169,2005_MARYLAND,MARYLAND,2005,865561.0,9906219.0,670998.0,3729262.0,5505959.0,9782665.0,5154440.0,2934277.0,407619.0,947970.0,238.0,278.0,220.0,261.0,5592379,306126.0,0.05473985221673996
170,2005_MASSACHUSETTS,MASSACHUSETTS,2005,955225.0,12976279.0,761359.0,5434971.0,6779949.0,12726283.0,7203922.0,3750687.0,391078.0,803602.0,247.0,292.0,231.0,274.0,6403290,391462.3,0.061134557391590884
171,2005_MICHIGAN,MICHIGAN,2005,1721351.0,19106382.0,1513264.0,10990030.0,6603088.0,20489512.0,9269314.0,6479470.0,841610.0,1937442.0,238.0,277.0,218.0,261.0,10051137,450635.9,0.04483432073406223
172,2005_MINNESOTA,MINNESOTA,2005,814660.0,8777363.0,529037.0,5912340.0,2335986.0,9082593.0,4637773.0,2157574.0,646632.0,937357.0,246.0,290.0,225.0,268.0,5119598,282487.5,0.05517767215316515
173,2005_MISSISSIPPI,MISSISSIPPI,2005,494382.0,3639643.0,552628.0,1958500.0,1128515.0,3610904.0,1935459.0,1096574.0,231190.0,281713.0,227.0,262.0,204.0,251.0,2905943,95499.9,0.032863652177623576
174,2005_MISSOURI,MISSOURI,2005,902659.0,8340865.0,694008.0,3640728.0,4006129.0,8170965.0,4224716.0,2452665.0,457530.0,708726.0,235.0,276.0,221.0,265.0,5790300,263282.4,0.045469561162634065
175,2005_MONTANA,MONTANA,2005,146552.0,1293070.0,191687.0,578321.0,523062.0,1268328.0,721019.0,412180.0,53055.0,59998.0,241.0,286.0,225.0,269.0,940102,37078.1,0.03944050751939683
176,2005_NEBRASKA,NEBRASKA,2005,284553.0,2895640.0,295968.0,878576.0,1721096.0,2708776.0,1487488.0,751435.0,127968.0,264339.0,238.0,284.0,221.0,267.0,1761497,89082.3,0.050571928308705605
177,2005_NEVADA,NEVADA,2005,399727.0,3381646.0,251421.0,1996995.0,1133230.0,3483540.0,1665706.0,926213.0,115483.0,584219.0,230.0,270.0,207.0,253.0,2432143,138796.4,0.05706753262452084
178,2005_NEW_HAMPSHIRE,NEW_HAMPSHIRE,2005,202223.0,2332695.0,125956.0,878957.0,1327782.0,2333264.0,1261140.0,651058.0,65668.0,163780.0,246.0,285.0,227.0,270.0,1298492,64350.0,0.049557486684554085
179,2005_NEW_JERSEY,NEW_JERSEY,2005,1368959.0,23026334.0,937945.0,9340953.0,12747436.0,23023365.0,11575456.0,7408034.0,817943.0,2179605.0,244.0,284.0,223.0,269.0,8651974,513115.9,0.05930622306539525
180,2005_NEW_MEXICO,NEW_MEXICO,2005,326102.0,2982991.0,480888.0,2102670.0,399433.0,3011696.0,1395996.0,955266.0,149000.0,466166.0,224.0,263.0,207.0,251.0,1932274,83793.8,0.04336538192823585
181,2005_NEW_YORK,NEW_YORK,2005,2816426.0,43936450.0,3156023.0,19202847.0,21577580.0,45086872.0,27866708.0,11303872.0,1182179.0,3342778.0,238.0,280.0,223.0,265.0,19132610,1167640.1,0.06102879324880401
182,2005_NORTH_CAROLINA,NORTH_CAROLINA,2005,1347177.0,11098165.0,1116670.0,6440768.0,3540727.0,10917913.0,6160224.0,3039968.0,580213.0,791873.0,241.0,282.0,217.0,258.0,8705407,406293.9,0.04667144224273489
183,2005_NORTH_DAKOTA,NORTH_DAKOTA,2005,100413.0,969520.0,148482.0,341066.0,479972.0,985502.0,501563.0,258404.0,64839.0,88341.0,243.0,287.0,225.0,270.0,646089,29166.5,0.0451431613910777
184,2005_OHIO,OHIO,2005,1778784.0,19746239.0,1413888.0,8313858.0,10018493.0,19785561.0,9700668.0,6526386.0,830761.0,2046199.0,242.0,283.0,223.0,267.0,11463320,544256.4,0.047478077904132485
185,2005_OKLAHOMA,OKLAHOMA,2005,629145.0,4892548.0,678448.0,2440741.0,1773359.0,4785987.0,2303527.0,1569038.0,467321.0,397131.0,234.0,271.0,214.0,260.0,3548597,142824.8,0.04024824458793151
186,2005_OREGON,OREGON,2005,550502.0,5022050.0,498217.0,2440758.0,2083075.0,5597579.0,2671228.0,1680005.0,181133.0,364717.0,238.0,282.0,217.0,263.0,3613202,158368.7,0.043830569118471656
187,2005_PENNSYLVANIA,PENNSYLVANIA,2005,1755560.0,22657782.0,1750988.0,7667114.0,13239680.0,23183924.0,11284717.0,6638401.0,920319.0,1914407.0,241.0,281.0,223.0,267.0,12449990,587274.2,0.04717065636197298
188,2005_RHODE_ISLAND,RHODE_ISLAND,2005,153596.0,1903472.0,145957.0,747359.0,1010156.0,1790591.0,1023496.0,616544.0,74850.0,20070.0,233.0,272.0,216.0,261.0,1067916,52286.0,0.04896077968679185
189,2005_SOUTH_CAROLINA,SOUTH_CAROLINA,2005,701176.0,6337711.0,639308.0,2832245.0,2866158.0,6572191.0,3134658.0,1903030.0,342107.0,938347.0,238.0,281.0,213.0,257.0,4270150,166563.8,0.039006545437513904
190,2005_SOUTH_DAKOTA,SOUTH_DAKOTA,2005,124862.0,1053504.0,176738.0,350316.0,526450.0,1059303.0,539413.0,316892.0,46872.0,124727.0,242.0,287.0,222.0,269.0,775493,35781.6,0.046140455168518606
191,2005_TENNESSEE,TENNESSEE,2005,940769.0,6806262.0,787269.0,2962151.0,3056842.0,7067521.0,4120045.0,1907907.0,378064.0,483208.0,232.0,271.0,214.0,259.0,5991057,264652.9,0.04417465899590006
192,2005_TEXAS,TEXAS,2005,4334611.0,37783715.0,4095588.0,13017433.0,20670694.0,40302144.0,18950703.0,10963041.0,1883727.0,5592231.0,242.0,281.0,219.0,258.0,22778123,1132550.4,0.04972097130215689
193,2005_UTAH,UTAH,2005,488055.0,3181279.0,326400.0,1729443.0,1125436.0,3188018.0,1632553.0,771298.0,241992.0,467720.0,239.0,279.0,221.0,262.0,2457719,109278.2,0.04446326044596636
194,2005_VERMONT,VERMONT,2005,92819.0,1628681.0,95016.0,1090494.0,443171.0,1634534.0,739981.0,392627.0,36577.0,63280.0,244.0,287.0,227.0,269.0,621215,26899.5,0.043301433481161916
195,2005_VIRGINIA,VIRGINIA,2005,1203697.0,12182657.0,826830.0,4871813.0,6484014.0,12385157.0,6565022.0,3699703.0,510204.0,1180309.0,240.0,284.0,226.0,268.0,7577105,415610.6,0.05485084342898772
196,2005_WASHINGTON,WASHINGTON,2005,1019925.0,9141383.0,796450.0,5588494.0,2756439.0,9399603.0,4629347.0,2692637.0,428619.0,1292543.0,242.0,285.0,223.0,265.0,6257305,343111.9,0.05483381423791872
197,2005_WEST_VIRGINIA,WEST_VIRGINIA,2005,279456.0,2701056.0,329159.0,1607433.0,764464.0,2698703.0,1524187.0,852145.0,174265.0,137026.0,231.0,269.0,215.0,255.0,1820492,65586.0,0.03602652469771908
198,2005_WISCONSIN,WISCONSIN,2005,869301.0,9584108.0,565072.0,4770290.0,4248746.0,9433502.0,5128207.0,2944041.0,382137.0,472358.0,241.0,285.0,221.0,266.0,5546166,262068.2,0.04725213778310999
199,2005_WYOMING,WYOMING,2005,84146.0,1132160.0,106484.0,585789.0,439887.0,1033603.0,510498.0,324752.0,29657.0,158464.0,243.0,282.0,223.0,268.0,514157,33167.3,0.06450811717043628
200,2007_ALABAMA,ALABAMA,2007,743273.0,7069040.0,689072.0,4070949.0,2309019.0,7196459.0,3653466.0,2174210.0,546077.0,687816.0,229.0,266.0,216.0,252.0,4672840,186499.4,0.039911360115047805
201,2007_ALASKA,ALASKA,2007,132197.0,1800616.0,282270.0,1052357.0,465989.0,1938755.0,927307.0,645857.0,60699.0,257723.0,237.0,283.0,214.0,259.0,680300,51144.0,0.07517859767749523
202,2007_ARIZONA,ARIZONA,2007,969875.0,8724434.0,953861.0,4204089.0,3566484.0,8709531.0,3977800.0,2656438.0,403069.0,1436673.0,232.0,276.0,210.0,255.0,6167681,284811.7,0.04617808541005931
203,2007_ARKANSAS,ARKANSAS,2007,474532.0,4415981.0,483689.0,3319030.0,613262.0,4779308.0,2337748.0,1378576.0,450454.0,470562.0,238.0,274.0,217.0,258.0,2848650,106272.5,0.0373062678812771
204,2007_CALIFORNIA,CALIFORNIA,2007,6288686.0,72516936.0,7200298.0,42333637.0,22983001.0,73225422.0,34685013.0,20655194.0,3467540.0,10058842.0,230.0,270.0,209.0,251.0,36250311,2103014.8,0.058013703661742376
205,2007_COLORADO,COLORADO,2007,790211.0,7689014.0,529854.0,3307016.0,3852144.0,8039146.0,3782300.0,2483095.0,286754.0,1083411.0,240.0,286.0,224.0,266.0,4803868,264664.5,0.055094040885386525
206,2007_CONNECTICUT,CONNECTICUT,2007,549230.0,8913149.0,386553.0,3299175.0,5227421.0,8685421.0,4610572.0,2503468.0,311943.0,913165.0,243.0,282.0,227.0,267.0,3527270,260993.1,0.07399294638629876
207,2007_DELAWARE,DELAWARE,2007,114678.0,1694929.0,102114.0,1071957.0,520858.0,1705204.0,825084.0,481610.0,68343.0,245757.0,242.0,283.0,225.0,265.0,871749,61229.4,0.07023741925714856
208,2007_FLORIDA,FLORIDA,2007,2656176.0,28898362.0,2489027.0,11578932.0,14830403.0,29849892.0,13476109.0,8136539.0,1515095.0,5992654.0,242.0,277.0,224.0,260.0,18367842,835637.2,0.04549457688061559
209,2007_GEORGIA,GEORGIA,2007,1628409.0,17755989.0,1475463.0,7907177.0,8373349.0,17389530.0,9507096.0,4672304.0,757339.0,2271958.0,235.0,275.0,219.0,259.0,9349988,452706.7,0.048417891017614144
210,2007_HAWAII,HAWAII,2007,180728.0,2985593.0,256696.0,2681049.0,47848.0,2199604.0,1177781.0,732536.0,151243.0,138044.0,234.0,269.0,213.0,251.0,1315675,71179.7,0.05410127881125658
211,2007_IDAHO,IDAHO,2007,262935.0,2011951.0,202977.0,1338182.0,470792.0,1960472.0,1069134.0,590192.0,86738.0,163583.0,241.0,284.0,223.0,265.0,1505105,58716.6,0.03901163041781138
212,2007_ILLINOIS,ILLINOIS,2007,2101075.0,23897153.0,1862627.0,7566377.0,14468149.0,23401917.0,11692204.0,7509591.0,834000.0,2082140.0,237.0,280.0,219.0,263.0,12695866,712910.5,0.05615296349221077
213,2007_INDIANA,INDIANA,2007,1034588.0,10458932.0,765168.0,5224450.0,4469314.0,11462062.0,5511104.0,3351081.0,448190.0,887670.0,245.0,285.0,222.0,264.0,6379599,299415.9,0.04693334173511533
214,2007_IOWA,IOWA,2007,483122.0,5194536.0,390585.0,2279228.0,2524723.0,5198975.0,2557629.0,1480218.0,221002.0,647628.0,243.0,285.0,225.0,267.0,2999212,152466.2,0.050835419436838745
215,2007_KANSAS,KANSAS,2007,468974.0,5038100.0,346441.0,2889107.0,1802552.0,4823931.0,2602503.0,1418802.0,199749.0,427238.0,248.0,290.0,225.0,267.0,2783785,135574.4,0.048701462217807766
216,2007_KENTUCKY,KENTUCKY,2007,646360.0,6226696.0,677570.0,3557084.0,1992042.0,6351636.0,3184235.0,1877438.0,371495.0,755710.0,235.0,279.0,222.0,262.0,4256672,171850.3,0.04037198543838942
217,2007_LOUISIANA,LOUISIANA,2007,662302.0,7048732.0,1234006.0,2911249.0,2903477.0,6657341.0,3430268.0,2140586.0,363037.0,618284.0,230.0,272.0,207.0,253.0,4375581,234521.9,0.05359788791477063
218,2007_MAINE,MAINE,2007,193539.0,2538161.0,198101.0,1081891.0,1258169.0,2501127.0,1459635.0,710785.0,111153.0,91361.0,242.0,286.0,226.0,270.0,1327040,54017.1,0.040704952375211
219,2007_MARYLAND,MARYLAND,2007,851640.0,11674965.0,661677.0,4684827.0,6328461.0,11541225.0,6031042.0,3503877.0,474728.0,1170502.0,240.0,286.0,225.0,265.0,5653408,311951.5,0.05517937145169781
220,2007_MASSACHUSETTS,MASSACHUSETTS,2007,945070.0,14407777.0,754202.0,6485380.0,7168195.0,14315518.0,8053653.0,4248353.0,422102.0,951016.0,252.0,298.0,236.0,273.0,6431559,408524.9,0.06351879847483324
221,2007_MICHIGAN,MICHIGAN,2007,1686473.0,20576110.0,1541818.0,11383198.0,7651094.0,19839838.0,9608836.0,6721838.0,871870.0,1629007.0,238.0,277.0,220.0,260.0,10001284,441120.4,0.04410637674122643
222,2007_MINNESOTA,MINNESOTA,2007,810104.0,9693509.0,546297.0,6267386.0,2879826.0,10030105.0,5048143.0,2405182.0,730882.0,1074228.0,247.0,292.0,225.0,268.0,5207203,283857.8,0.054512528126904214
223,2007_MISSISSIPPI,MISSISSIPPI,2007,494135.0,4220926.0,712846.0,2214700.0,1293380.0,4158733.0,2160396.0,1296685.0,251539.0,379581.0,228.0,265.0,208.0,250.0,2928350,100386.4,0.03428087489541892
224,2007_MISSOURI,MISSOURI,2007,910142.0,8908844.0,730811.0,3641310.0,4536723.0,9245525.0,4743390.0,2738098.0,485391.0,925265.0,239.0,281.0,221.0,263.0,5887612,264552.9,0.04493382036723888
225,2007_MONTANA,MONTANA,2007,144258.0,1474306.0,190631.0,702476.0,581199.0,1442434.0,793711.0,463422.0,58824.0,100592.0,244.0,287.0,227.0,271.0,964706,40401.9,0.041880013185364245
226,2007_NEBRASKA,NEBRASKA,2007,287135.0,3234014.0,298196.0,992032.0,1943786.0,3117931.0,1673992.0,845739.0,131267.0,378827.0,238.0,284.0,223.0,267.0,1783440,93581.2,0.05247230072219979
227,2007_NEVADA,NEVADA,2007,422782.0,4006081.0,277849.0,2266751.0,1461481.0,4346371.0,2047045.0,1216122.0,139918.0,731227.0,232.0,271.0,211.0,252.0,2601072,144315.1,0.05548293165279546
228,2007_NEW_HAMPSHIRE,NEW_HAMPSHIRE,2007,198625.0,2600123.0,137058.0,936882.0,1526183.0,2608190.0,1395619.0,733978.0,70608.0,208008.0,249.0,288.0,229.0,270.0,1312540,65674.6,0.05003626556143052
229,2007_NEW_JERSEY,NEW_JERSEY,2007,1363804.0,25293076.0,991769.0,10101279.0,14200028.0,25572112.0,13250745.0,8316185.0,868012.0,1997462.0,249.0,289.0,231.0,270.0,8677885,526661.0,0.06069001836276927
230,2007_NEW_MEXICO,NEW_MEXICO,2007,327816.0,3272953.0,444466.0,2360542.0,467945.0,3279467.0,1610295.0,1103097.0,119933.0,396529.0,228.0,268.0,212.0,251.0,1990070,86474.5,0.04345299411578487
231,2007_NEW_YORK,NEW_YORK,2007,2754976.0,50762544.0,3269310.0,22845772.0,24647462.0,51253984.0,31465706.0,12638159.0,1318628.0,4216048.0,243.0,280.0,224.0,264.0,19132335,1203502.8,0.06290412539818062
232,2007_NORTH_CAROLINA,NORTH_CAROLINA,2007,1416028.0,13063307.0,1184934.0,7481148.0,4397225.0,12794086.0,6987589.0,3582953.0,642597.0,1166854.0,242.0,284.0,218.0,259.0,9118037,436767.3,0.047901461685228956
233,2007_NORTH_DAKOTA,NORTH_DAKOTA,2007,96577.0,1045678.0,150165.0,355662.0,539851.0,1042175.0,523778.0,283833.0,69691.0,90844.0,245.0,292.0,226.0,268.0,652822,31790.4,0.048696888278887664
234,2007_OHIO,OHIO,2007,1758645.0,22142424.0,1461326.0,9341723.0,11339375.0,21336580.0,10202242.0,6930905.0,876199.0,2595974.0,245.0,285.0,226.0,268.0,11500468,541676.4,0.0471003788715381
235,2007_OKLAHOMA,OKLAHOMA,2007,639032.0,5491931.0,650579.0,2782356.0,2058996.0,5505213.0,2688963.0,1732136.0,526547.0,502002.0,237.0,275.0,217.0,260.0,3634349,155335.4,0.042740914535175346
236,2007_OREGON,OREGON,2007,559643.0,5648586.0,526411.0,2908595.0,2213580.0,5634955.0,2999104.0,1908603.0,199410.0,293730.0,236.0,284.0,215.0,266.0,3722417,171016.6,0.04594235412099182
237,2007_PENNSYLVANIA,PENNSYLVANIA,2007,1760451.0,25334577.0,1821479.0,8593421.0,14919677.0,25627083.0,11994620.0,7333616.0,1022492.0,2533079.0,244.0,286.0,226.0,268.0,12563937,610285.2,0.04857436009110838
238,2007_RHODE_ISLAND,RHODE_ISLAND,2007,147861.0,2100679.0,165167.0,817792.0,1117720.0,2082332.0,1177636.0,731694.0,85397.0,20234.0,236.0,275.0,219.0,258.0,1057315,51994.2,0.0491756950388484
239,2007_SOUTH_CAROLINA,SOUTH_CAROLINA,2007,701580.0,7130274.0,680718.0,3120416.0,3329140.0,7660995.0,3481608.0,2157719.0,384965.0,1290372.0,237.0,282.0,214.0,257.0,4444110,174793.1,0.03933140718839093
240,2007_SOUTH_DAKOTA,SOUTH_DAKOTA,2007,121158.0,1136570.0,174096.0,371645.0,590829.0,1096568.0,573916.0,335382.0,50283.0,105370.0,241.0,288.0,223.0,270.0,791623,38204.1,0.048260472472376366
241,2007_TENNESSEE,TENNESSEE,2007,978084.0,7617488.0,805633.0,3342186.0,3469669.0,7817659.0,4473035.0,2144367.0,414587.0,593354.0,233.0,274.0,216.0,259.0,6175727,268668.2,0.04350389840742637
242,2007_TEXAS,TEXAS,2007,4513835.0,44355326.0,4423644.0,15952564.0,23979118.0,45920825.0,21061312.0,12451077.0,2073350.0,6654163.0,242.0,286.0,220.0,261.0,23831983,1273882.1,0.05345262708520731
243,2007_UTAH,UTAH,2007,504079.0,3656090.0,343915.0,1977900.0,1334275.0,3618540.0,1816456.0,871613.0,266481.0,579188.0,239.0,281.0,221.0,262.0,2597746,124508.8,0.04792955123403135
244,2007_VERMONT,VERMONT,2007,89329.0,1836316.0,97086.0,1237083.0,502147.0,1804519.0,800453.0,439237.0,41603.0,70359.0,246.0,291.0,228.0,273.0,623481,26793.2,0.04297356294738733
245,2007_VIRGINIA,VIRGINIA,2007,1220440.0,14176385.0,890144.0,5796043.0,7490198.0,14700853.0,7630837.0,4338027.0,573603.0,1473546.0,244.0,288.0,227.0,267.0,7751000,426911.6,0.055078260869565215
246,2007_WASHINGTON,WASHINGTON,2007,1026121.0,10350748.0,801339.0,6339782.0,3209627.0,10682397.0,5148806.0,3028183.0,463389.0,1624443.0,243.0,285.0,224.0,265.0,6461587,378291.5,0.05854467331322785
247,2007_WEST_VIRGINIA,WEST_VIRGINIA,2007,281298.0,2905489.0,353571.0,1677212.0,874706.0,2983267.0,1608247.0,941055.0,189649.0,228873.0,236.0,270.0,215.0,255.0,1834052,66512.3,0.036265220397240644
248,2007_WISCONSIN,WISCONSIN,2007,870584.0,10154985.0,574090.0,5175386.0,4405509.0,9988878.0,5459295.0,3147269.0,420699.0,467948.0,244.0,286.0,223.0,264.0,5610775,268050.3,0.047774202316079324
249,2007_WYOMING,WYOMING,2007,85034.0,1477891.0,111051.0,722364.0,644476.0,1390344.0,661713.0,428613.0,42353.0,246698.0,244.0,287.0,225.0,266.0,534876,40344.4,0.0754275757371802
250,2009_ALABAMA,ALABAMA,2009,745668.0,7186390.0,728795.0,4161103.0,2296492.0,7815467.0,3836398.0,2331552.0,561019.0,924956.0,228.0,269.0,216.0,255.0,4757938,178893.4,0.037598934664554266
251,2009_ALASKA,ALASKA,2009,130236.0,2158970.0,312667.0,1357747.0,488556.0,2396412.0,1129756.0,832783.0,70835.0,303165.0,237.0,283.0,211.0,259.0,698895,55910.6,0.07999856916990392
252,2009_ARIZONA,ARIZONA,2009,981303.0,8802515.0,1044140.0,3806064.0,3952311.0,9580393.0,4296503.0,2983729.0,455403.0,1312659.0,230.0,277.0,210.0,258.0,6343154,254906.9,0.04018614399082854
253,2009_ARKANSAS,ARKANSAS,2009,474423.0,4753142.0,534510.0,3530487.0,688145.0,5017352.0,2417974.0,1492691.0,533057.0,409763.0,238.0,276.0,216.0,258.0,2896843,102513.5,0.03538800687507055
254,2009_CALIFORNIA,CALIFORNIA,2009,6234155.0,73958896.0,9745250.0,40084244.0,24129402.0,74766086.0,35617964.0,21693675.0,3759373.0,8881265.0,232.0,270.0,210.0,253.0,36961229,2025633.2,0.0548042707129679
255,2009_COLORADO,COLORADO,2009,812068.0,8310673.0,560538.0,3634018.0,4116117.0,8682489.0,4108304.0,2708535.0,330128.0,1035058.0,243.0,287.0,226.0,266.0,4972195,262463.3,0.05278620408089385
256,2009_CONNECTICUT,CONNECTICUT,2009,539250.0,9681268.0,403017.0,3606594.0,5671657.0,9323053.0,5054397.0,2805173.0,330685.0,763075.0,245.0,289.0,229.0,272.0,3561807,248612.1,0.06979943045763008
257,2009_DELAWARE,DELAWARE,2009,116804.0,1718993.0,109682.0,1047418.0,561893.0,1798244.0,877678.0,496383.0,80812.0,254460.0,239.0,284.0,226.0,265.0,891730,60847.4,0.06823522815201911
258,2009_FLORIDA,FLORIDA,2009,2623067.0,26494500.0,2694566.0,9047586.0,14752348.0,28867429.0,13884278.0,8067350.0,1546420.0,4533913.0,242.0,279.0,226.0,264.0,18652644,759432.2,0.04071445313597364
259,2009_GEORGIA,GEORGIA,2009,1649598.0,17972839.0,1644548.0,7739086.0,8589205.0,19025136.0,10063924.0,5135180.0,837062.0,2712073.0,236.0,278.0,218.0,260.0,9620846,425155.8,0.044191103360348975
260,2009_HAWAII,HAWAII,2009,179478.0,2689758.0,392837.0,2205032.0,91889.0,2318671.0,1402305.0,718309.0,129473.0,68584.0,236.0,274.0,211.0,255.0,1346717,69122.5,0.05132667071106996
261,2009_IDAHO,IDAHO,2009,267951.0,2182273.0,218777.0,1459554.0,503942.0,2078446.0,1157633.0,646213.0,100576.0,111190.0,241.0,287.0,221.0,265.0,1554439,57073.0,0.036716140035086615
262,2009_ILLINOIS,ILLINOIS,2009,2117291.0,26987426.0,3346509.0,7879160.0,15761757.0,27716187.0,13520105.0,8764971.0,932950.0,2884993.0,238.0,282.0,219.0,265.0,12796778,683432.0,0.05340656843464816
263,2009_INDIANA,INDIANA,2009,1028259.0,12999357.0,1403839.0,5804809.0,5790709.0,11218398.0,5548292.0,3681825.0,476598.0,899628.0,243.0,287.0,223.0,266.0,6459325,277763.6,0.04300195453859342
264,2009_IOWA,IOWA,2009,487559.0,5732319.0,431142.0,2545353.0,2755824.0,5732186.0,2914176.0,1615189.0,225983.0,672339.0,243.0,284.0,221.0,265.0,3032870,146223.6,0.04821294681275492
265,2009_KANSAS,KANSAS,2009,470445.0,5615208.0,378810.0,3291485.0,1944913.0,5827751.0,2883104.0,1578417.0,223951.0,958961.0,245.0,289.0,224.0,267.0,2832704,133743.4,0.04721404001265222
266,2009_KENTUCKY,KENTUCKY,2009,669858.0,6706922.0,719997.0,3870440.0,2116485.0,6831006.0,3468191.0,2050683.0,411529.0,720114.0,239.0,279.0,226.0,267.0,4317074,165300.6,0.03828996213639146
267,2009_LOUISIANA,LOUISIANA,2009,662774.0,7984550.0,1238259.0,3568903.0,3177388.0,8053960.0,4051985.0,2542723.0,408292.0,824390.0,229.0,272.0,207.0,253.0,4491648,238921.7,0.053192436272833495
268,2009_MAINE,MAINE,2009,187372.0,2623127.0,245063.0,1107152.0,1270912.0,2624504.0,1383650.0,857706.0,148378.0,108016.0,244.0,286.0,224.0,268.0,1329590,53075.6,0.03991877195225596
269,2009_MARYLAND,MARYLAND,2009,843781.0,13147931.0,694846.0,5697257.0,6755828.0,12757599.0,6899346.0,3984072.0,490336.0,961161.0,244.0,288.0,226.0,267.0,5730388,314737.4,0.05492427388860929
270,2009_MASSACHUSETTS,MASSACHUSETTS,2009,932437.0,15298022.0,1181681.0,5974489.0,8141852.0,15174814.0,8885949.0,4626112.0,456737.0,589413.0,252.0,299.0,234.0,274.0,6517613,408071.6,0.06261059071779806
271,2009_MICHIGAN,MICHIGAN,2009,1537515.0,19616665.0,2094714.0,10130740.0,7391211.0,19992550.0,9422685.0,6354021.0,865858.0,1280455.0,236.0,278.0,218.0,262.0,9901591,380048.2,0.038382538725342225
272,2009_MINNESOTA,MINNESOTA,2009,800831.0,10353784.0,575703.0,6590788.0,3187293.0,11193640.0,5815987.0,2712430.0,803017.0,1187008.0,249.0,294.0,223.0,270.0,5281203,276033.2,0.05226710656643951
273,2009_MISSISSIPPI,MISSISSIPPI,2009,491194.0,4392101.0,675576.0,2334363.0,1382162.0,4552756.0,2317710.0,1392119.0,275915.0,493773.0,227.0,265.0,211.0,251.0,2958774,99784.7,0.03372501583426108
274,2009_MISSOURI,MISSOURI,2009,893807.0,9472520.0,758650.0,3927189.0,4786681.0,10227305.0,5175127.0,3023041.0,535977.0,1120105.0,241.0,286.0,224.0,267.0,5961088,264872.5,0.0444335832653368
275,2009_MONTANA,MONTANA,2009,141782.0,1607935.0,195705.0,765177.0,647053.0,1622485.0,855803.0,509899.0,66973.0,158151.0,244.0,292.0,225.0,270.0,983982,39388.1,0.040029289153663376
276,2009_NEBRASKA,NEBRASKA,2009,292161.0,3522481.0,297732.0,1182776.0,2041973.0,3523803.0,1887427.0,905681.0,144995.0,488293.0,239.0,284.0,223.0,267.0,1812683,94343.4,0.05204627615529025
277,2009_NEVADA,NEVADA,2009,430985.0,4442101.0,425133.0,2272415.0,1744553.0,4577881.0,2145779.0,1364083.0,142194.0,633545.0,235.0,274.0,211.0,254.0,2684665,127108.7,0.047346205206236155
278,2009_NEW_HAMPSHIRE,NEW_HAMPSHIRE,2009,197024.0,2816162.0,146867.0,1002239.0,1667056.0,2757401.0,1546316.0,822081.0,74820.0,112359.0,251.0,292.0,229.0,271.0,1316102,64419.6,0.048947270044419046
279,2009_NEW_JERSEY,NEW_JERSEY,2009,1354912.0,26510413.0,1014556.0,10401527.0,15094330.0,26145334.0,13800343.0,8687138.0,952796.0,1499241.0,247.0,293.0,229.0,273.0,8755602,510832.5,0.05834350396466171
280,2009_NEW_MEXICO,NEW_MEXICO,2009,328737.0,3703477.0,519973.0,2615320.0,568184.0,3945515.0,1807514.0,1167618.0,132017.0,784529.0,230.0,270.0,208.0,254.0,2036802,87636.8,0.043026666313171334
281,2009_NEW_YORK,NEW_YORK,2009,2696688.0,55885116.0,3197833.0,25768345.0,26918938.0,57851481.0,35195372.0,14079990.0,1415237.0,5463718.0,241.0,283.0,224.0,264.0,19307066,1221256.0,0.06325435464922531
282,2009_NORTH_CAROLINA,NORTH_CAROLINA,2009,1452064.0,15410564.0,1377661.0,8229140.0,5803763.0,14868070.0,7943541.0,3848021.0,751609.0,1647148.0,244.0,284.0,219.0,260.0,9449566,427493.8,0.045239516820137556
283,2009_NORTH_DAKOTA,NORTH_DAKOTA,2009,94653.0,1150142.0,160294.0,407374.0,582474.0,1137260.0,579830.0,310316.0,78735.0,95977.0,245.0,293.0,226.0,269.0,664968,35297.2,0.05308105051671659
284,2009_OHIO,OHIO,2009,1729072.0,22779344.0,1531263.0,10226228.0,11021853.0,22427481.0,10734314.0,7347959.0,929409.0,2552105.0,244.0,286.0,225.0,269.0,11528896,506691.3,0.04394968087143817
285,2009_OKLAHOMA,OKLAHOMA,2009,644549.0,6029807.0,768972.0,3014993.0,2245842.0,5941799.0,2836912.0,1895590.0,577867.0,568720.0,237.0,276.0,217.0,259.0,3717572,159371.6,0.04286980857398324
286,2009_OREGON,OREGON,2009,560726.0,6158756.0,656298.0,3117315.0,2385143.0,6715011.0,3291310.0,2121378.0,214699.0,803096.0,238.0,285.0,218.0,265.0,3808600,166581.6,0.04373827653205903
287,2009_PENNSYLVANIA,PENNSYLVANIA,2009,1687145.0,26755585.0,1811141.0,9858461.0,15085983.0,27328680.0,12803821.0,7637090.0,1155635.0,2411908.0,244.0,288.0,224.0,271.0,12666858,605016.9,0.04776377062093852
288,2009_RHODE_ISLAND,RHODE_ISLAND,2009,141521.0,2179714.0,206225.0,765069.0,1208420.0,2171376.0,1224158.0,773039.0,90493.0,24161.0,239.0,278.0,223.0,260.0,1053646,50217.3,0.047660504571744214
289,2009_SOUTH_CAROLINA,SOUTH_CAROLINA,2009,714290.0,7669733.0,734602.0,3654658.0,3280473.0,8427391.0,3854229.0,2463391.0,398422.0,1318784.0,236.0,280.0,216.0,257.0,4589872,166930.9,0.03636940202254006
290,2009_SOUTH_DAKOTA,SOUTH_DAKOTA,2009,126624.0,1258876.0,201889.0,412798.0,644189.0,1273527.0,645912.0,379946.0,56772.0,154459.0,242.0,291.0,222.0,270.0,807067,39891.4,0.04942761877266696
291,2009_TENNESSEE,TENNESSEE,2009,971484.0,8112895.0,870374.0,3800870.0,3441651.0,8611178.0,4809809.0,2480290.0,461464.0,652210.0,232.0,275.0,217.0,261.0,6306019,262836.7,0.041680289894464324
292,2009_TEXAS,TEXAS,2009,4647205.0,48087531.0,4913841.0,19708771.0,23464919.0,53575273.0,23895853.0,13799383.0,2289408.0,9297597.0,240.0,287.0,219.0,260.0,24801761,1270964.6,0.0512449337770814
293,2009_UTAH,UTAH,2009,532433.0,4238943.0,535223.0,2224007.0,1479713.0,4419750.0,2169434.0,1008636.0,310325.0,821593.0,240.0,284.0,219.0,266.0,2723421,120997.5,0.044428496365416875
294,2009_VERMONT,VERMONT,2009,86320.0,1683034.0,102453.0,1336424.0,244157.0,1661019.0,859433.0,489015.0,49100.0,64170.0,248.0,293.0,229.0,272.0,624817,26999.5,0.04321185243039162
295,2009_VIRGINIA,VIRGINIA,2009,1235064.0,15251481.0,914507.0,6317714.0,8019260.0,15510318.0,8194237.0,4813706.0,574858.0,1418914.0,243.0,286.0,227.0,266.0,7925937,426182.7,0.05377063935784501
296,2009_WASHINGTON,WASHINGTON,2009,1035907.0,12025012.0,1385421.0,7146416.0,3493175.0,12240632.0,5984072.0,3464921.0,509407.0,1818982.0,242.0,289.0,221.0,267.0,6667426,372813.1,0.05591559621359127
297,2009_WEST_VIRGINIA,WEST_VIRGINIA,2009,281908.0,3097212.0,355325.0,1793917.0,947970.0,3121728.0,1759397.0,994305.0,196984.0,157049.0,233.0,270.0,215.0,255.0,1847775,67646.4,0.03660965214920647
298,2009_WISCONSIN,WISCONSIN,2009,867035.0,10991081.0,1258519.0,4785070.0,4947492.0,10880480.0,5857285.0,3382519.0,473295.0,648807.0,244.0,288.0,220.0,266.0,5669264,257125.0,0.0453542117636434
299,2009_WYOMING,WYOMING,2009,86971.0,1675761.0,108333.0,945765.0,621663.0,1658156.0,744877.0,482641.0,47165.0,372507.0,242.0,286.0,223.0,268.0,559851,41428.9,0.07399986782197407
300,2011_ALABAMA,ALABAMA,2011,746933.0,7376725.0,1077070.0,3965614.0,2334041.0,7411768.0,3844055.0,2295909.0,559140.0,564183.0,231.0,269.0,220.0,258.0,4799069,185666.9,0.038688108047623404
301,2011_ALASKA,ALASKA,2011,131704.0,2357828.0,420152.0,1416163.0,521513.0,2443898.0,1215062.0,908567.0,81031.0,180137.0,236.0,283.0,208.0,261.0,722128,54722.6,0.07577964017459508
302,2011_ARIZONA,ARIZONA,2011,946571.0,8429186.0,1245814.0,3054501.0,4128871.0,8610417.0,3977772.0,2935127.0,350633.0,741124.0,235.0,279.0,212.0,260.0,6472643,263144.1,0.040654814424339485
303,2011_ARKANSAS,ARKANSAS,2011,475551.0,5176362.0,827026.0,3701224.0,648112.0,5669431.0,2559292.0,1655684.0,676591.0,605857.0,238.0,279.0,217.0,259.0,2940667,107320.6,0.03649532572032128
304,2011_CALIFORNIA,CALIFORNIA,2011,6202604.0,70953331.0,9990221.0,37752712.0,23210398.0,69847705.0,34225248.0,20266047.0,3486160.0,6523770.0,234.0,273.0,211.0,255.0,37638369,2090836.8,0.05555067489773534
305,2011_COLORADO,COLORADO,2011,834832.0,8747471.0,969288.0,3493923.0,4284260.0,8676451.0,4204486.0,2804955.0,338267.0,827354.0,244.0,292.0,223.0,271.0,5121108,268553.4,0.0524404874882545
306,2011_CONNECTICUT,CONNECTICUT,2011,530132.0,9783168.0,796156.0,3185501.0,5801511.0,9439182.0,5363942.0,2844490.0,333756.0,516116.0,242.0,287.0,227.0,275.0,3588283,242323.3,0.06753182510966944
307,2011_DELAWARE,DELAWARE,2011,119878.0,1759170.0,192182.0,1010026.0,556962.0,1808905.0,964284.0,497158.0,89576.0,182497.0,240.0,283.0,225.0,266.0,907381,62501.4,0.06888109845808982
308,2011_FLORIDA,FLORIDA,2011,2636404.0,26453693.0,4710376.0,9069119.0,12674198.0,26991946.0,14284224.0,8077593.0,1637138.0,2217069.0,240.0,278.0,225.0,262.0,19053237,763484.1,0.04007109658059678
309,2011_GEORGIA,GEORGIA,2011,1666039.0,18030043.0,2267161.0,7492489.0,8270393.0,17187481.0,9671343.0,5005101.0,874605.0,1368395.0,238.0,278.0,221.0,262.0,9802431,438060.2,0.0446889348162716
310,2011_HAWAII,HAWAII,2011,179601.0,2499513.0,347363.0,2088870.0,63280.0,2259104.0,1253534.0,786284.0,133810.0,85476.0,239.0,278.0,214.0,257.0,1379329,72236.3,0.05237060918751074
311,2011_IDAHO,IDAHO,2011,265713.0,2089982.0,292602.0,1320153.0,477227.0,1960818.0,1104553.0,613667.0,98963.0,83524.0,240.0,287.0,221.0,268.0,1583910,57825.3,0.036507945527207986
312,2011_ILLINOIS,ILLINOIS,2011,2072114.0,29507584.0,2894897.0,10030682.0,16582005.0,28525858.0,14636402.0,9271610.0,922651.0,1884866.0,239.0,283.0,219.0,266.0,12867454,706705.2,0.054921913845582815
313,2011_INDIANA,INDIANA,2011,1023220.0,12125155.0,1024389.0,7340384.0,3760382.0,11113533.0,5609296.0,3548729.0,500684.0,843671.0,244.0,285.0,221.0,265.0,6516528,296674.3,0.045526436777375924
314,2011_IOWA,IOWA,2011,493493.0,6098470.0,596688.0,2537754.0,2964028.0,6057294.0,2995991.0,1638449.0,230237.0,861361.0,243.0,285.0,221.0,265.0,3066336,152153.2,0.04962052430001148
315,2011_KANSAS,KANSAS,2011,482692.0,5538869.0,612100.0,2945175.0,1981594.0,5662146.0,2839803.0,1530694.0,220493.0,851777.0,246.0,290.0,224.0,267.0,2869225,138782.0,0.04836915891922035
316,2011_KENTUCKY,KENTUCKY,2011,672958.0,7104589.0,1164688.0,3704150.0,2235751.0,7253850.0,3663998.0,2238626.0,426989.0,733357.0,241.0,282.0,225.0,269.0,4369821,174202.7,0.03986495098998335
317,2011_LOUISIANA,LOUISIANA,2011,665109.0,8022917.0,1497262.0,3269321.0,3256334.0,8218870.0,4162557.0,2582814.0,406798.0,809639.0,231.0,273.0,210.0,255.0,4575625,234299.7,0.05120605381778446
318,2011_MAINE,MAINE,2011,186835.0,2654366.0,289290.0,1043281.0,1321795.0,2728535.0,1431522.0,874220.0,145034.0,164850.0,244.0,289.0,222.0,270.0,1328284,53088.2,0.03996750694881516
319,2011_MARYLAND,MARYLAND,2011,851971.0,13443940.0,1255964.0,5508339.0,6679637.0,13247697.0,7205515.0,4150447.0,482356.0,989839.0,247.0,288.0,231.0,271.0,5839419,333963.8,0.05719127193989676
320,2011_MASSACHUSETTS,MASSACHUSETTS,2011,924903.0,15396681.0,1197383.0,5783240.0,8416058.0,15150898.0,8685894.0,4583586.0,445972.0,817228.0,253.0,299.0,237.0,275.0,6613583,435158.0,0.06579761681376041
321,2011_MICHIGAN,MICHIGAN,2011,1455966.0,19374026.0,2525528.0,9845508.0,7002990.0,18469948.0,9198775.0,6024406.0,862583.0,1273466.0,236.0,280.0,219.0,265.0,9882412,411427.2,0.0416322654833658
322,2011_MINNESOTA,MINNESOTA,2011,798891.0,10912368.0,842906.0,6289912.0,3779550.0,10612480.0,5644771.0,2520057.0,805204.0,1016875.0,249.0,295.0,222.0,270.0,5346143,292275.1,0.05467027350372034
323,2011_MISSISSIPPI,MISSISSIPPI,2011,490526.0,4516742.0,1006465.0,2071467.0,1438810.0,4345783.0,2238165.0,1393211.0,274243.0,368906.0,230.0,269.0,209.0,254.0,2978731,98765.3,0.03315683759292128
324,2011_MISSOURI,MISSOURI,2011,896702.0,9915356.0,1344755.0,3828396.0,4742205.0,9842505.0,5100879.0,2975252.0,531640.0,849819.0,240.0,282.0,220.0,267.0,6010275,266254.6,0.04429990308263765
325,2011_MONTANA,MONTANA,2011,141529.0,1631810.0,264517.0,713642.0,653651.0,1655584.0,902615.0,540180.0,72488.0,103728.0,244.0,293.0,225.0,273.0,997316,41511.3,0.04162301617541481
326,2011_NEBRASKA,NEBRASKA,2011,297659.0,3879388.0,571969.0,1153077.0,2154342.0,3676326.0,2101943.0,951912.0,171112.0,349683.0,240.0,283.0,223.0,268.0,1840672,102685.1,0.05578674527563847
327,2011_NEVADA,NEVADA,2011,429610.0,4146577.0,447002.0,2359671.0,1339904.0,4258855.0,2161550.0,1377125.0,149940.0,323746.0,237.0,278.0,213.0,258.0,2712730,129748.1,0.04782934534583243
328,2011_NEW_HAMPSHIRE,NEW_HAMPSHIRE,2011,189275.0,2947007.0,184768.0,1061011.0,1701228.0,3001244.0,1654129.0,855476.0,77384.0,206241.0,252.0,292.0,230.0,272.0,1320202,66859.3,0.05064323489890184
329,2011_NEW_JERSEY,NEW_JERSEY,2011,1399409.0,26242376.0,1283994.0,9331426.0,15626956.0,25716298.0,14113108.0,8634990.0,909456.0,917304.0,248.0,294.0,231.0,275.0,8828117,510773.3,0.0578575589788853
330,2011_NEW_MEXICO,NEW_MEXICO,2011,331373.0,3591330.0,636436.0,2355210.0,599684.0,3694437.0,1744548.0,1124390.0,140296.0,616478.0,233.0,274.0,208.0,256.0,2080450,87225.0,0.04192602561945733
331,2011_NEW_YORK,NEW_YORK,2011,2677412.0,57753776.0,5118477.0,23188002.0,29447297.0,59446908.0,37834196.0,14460678.0,1416793.0,4653802.0,238.0,280.0,222.0,266.0,19499241,1270516.7,0.06515723868431597
332,2011_NORTH_CAROLINA,NORTH_CAROLINA,2011,1448117.0,14409515.0,2046954.0,7488570.0,4873991.0,13767024.0,7566249.0,3843709.0,696313.0,980517.0,245.0,286.0,221.0,263.0,9657592,438423.4,0.04539676142872882
333,2011_NORTH_DAKOTA,NORTH_DAKOTA,2011,96255.0,1309044.0,186844.0,630430.0,491770.0,1312226.0,660944.0,360118.0,86352.0,124967.0,245.0,292.0,226.0,269.0,685225,42208.5,0.061598015250465175
334,2011_OHIO,OHIO,2011,1655534.0,23488657.0,2533882.0,9834235.0,11120540.0,23010396.0,11074360.0,7570565.0,935953.0,2494681.0,244.0,289.0,224.0,268.0,11544663,536583.2,0.04647889678546701
335,2011_OKLAHOMA,OKLAHOMA,2011,658163.0,5835133.0,968529.0,2741058.0,2125546.0,5644988.0,2866601.0,1814927.0,367172.0,510428.0,237.0,279.0,215.0,260.0,3788379,165209.7,0.04360960189041276
336,2011_OREGON,OREGON,2011,559631.0,6112484.0,848637.0,2792762.0,2471085.0,6317635.0,3261190.0,2071303.0,224903.0,461979.0,237.0,283.0,216.0,264.0,3872036,173881.1,0.04490689136154726
337,2011_PENNSYLVANIA,PENNSYLVANIA,2011,1670854.0,28492510.0,3371827.0,9261234.0,15859449.0,28810721.0,13761915.0,7947108.0,1207139.0,2189151.0,246.0,286.0,227.0,268.0,12745815,630906.6,0.04949911794577279
338,2011_RHODE_ISLAND,RHODE_ISLAND,2011,139157.0,2212352.0,234111.0,768713.0,1209528.0,2198940.0,1260021.0,736651.0,93820.0,43726.0,242.0,283.0,222.0,265.0,1053649,51262.8,0.04865263479583808
339,2011_SOUTH_CAROLINA,SOUTH_CAROLINA,2011,713511.0,7772777.0,1041572.0,3338715.0,3392490.0,7961448.0,3689782.0,2428477.0,388361.0,1016126.0,237.0,281.0,215.0,260.0,4671994,174119.1,0.03726869084164064
340,2011_SOUTH_DAKOTA,SOUTH_DAKOTA,2011,125613.0,1297661.0,262395.0,374648.0,660618.0,1350617.0,661519.0,390655.0,59757.0,199636.0,241.0,291.0,220.0,269.0,823579,42947.2,0.052147031432321606
341,2011_TENNESSEE,TENNESSEE,2011,986382.0,8679893.0,1272825.0,3955476.0,3451592.0,8961443.0,4947165.0,2635217.0,479721.0,661195.0,233.0,274.0,215.0,259.0,6399291,274626.7,0.04291517607184921
342,2011_TEXAS,TEXAS,2011,4800196.0,51023159.0,7818075.0,19623258.0,23581826.0,52691826.0,25155007.0,14325757.0,2474232.0,6556210.0,241.0,290.0,218.0,261.0,25645629,1343700.8,0.05239492468677606
343,2011_UTAH,UTAH,2011,545395.0,4141253.0,500782.0,2058112.0,1582359.0,4195916.0,2157337.0,1018548.0,315664.0,592949.0,243.0,283.0,220.0,267.0,2814384,127216.9,0.04520239597723694
344,2011_VERMONT,VERMONT,2011,86982.0,1686499.0,106823.0,1329172.0,250504.0,1722515.0,888388.0,511825.0,53418.0,63655.0,247.0,294.0,227.0,274.0,627049,28732.9,0.04582241579206729
345,2011_VIRGINIA,VIRGINIA,2011,1250852.0,14655345.0,1427301.0,5351177.0,7876867.0,14675815.0,7861076.0,4602566.0,579290.0,1075067.0,245.0,289.0,226.0,267.0,8101155,442260.6,0.05459228961796188
346,2011_WASHINGTON,WASHINGTON,2011,1042979.0,11905941.0,1367629.0,6758505.0,3779807.0,11928408.0,6007184.0,3427282.0,514227.0,1467334.0,243.0,288.0,221.0,268.0,6826627,388099.0,0.05685076978718773
347,2011_WEST_VIRGINIA,WEST_VIRGINIA,2011,282130.0,3475642.0,510256.0,1927726.0,1037660.0,3670119.0,2010407.0,1160212.0,211866.0,269242.0,235.0,273.0,214.0,256.0,1856301,69577.2,0.03748163686815877
348,2011_WISCONSIN,WISCONSIN,2011,864251.0,11664303.0,1002909.0,5226954.0,5434440.0,11440718.0,6138402.0,3668777.0,479352.0,541918.0,245.0,289.0,221.0,267.0,5705288,270666.3,0.04744130357661173
349,2011_WYOMING,WYOMING,2011,88165.0,1650621.0,154955.0,878979.0,616687.0,1656850.0,825783.0,528352.0,52046.0,234408.0,244.0,288.0,224.0,270.0,567299,39440.3,0.069522949978759
350,2013_ALABAMA,ALABAMA,2013,744548.0,7197439.0,811739.0,3898347.0,2487353.0,7487741.0,3747993.0,2317243.0,576737.0,643522.0,233.0,269.0,219.0,257.0,4830081,188814.2,0.03909131130513133
351,2013_ALASKA,ALASKA,2013,131091.0,2545117.0,320938.0,1707449.0,516730.0,2665933.0,1324649.0,982442.0,87165.0,248505.0,236.0,282.0,209.0,261.0,737068,54748.1,0.07427822127673431
352,2013_ARIZONA,ARIZONA,2013,941726.0,8164324.0,1178356.0,2934165.0,4051803.0,7600581.0,3824071.0,2643742.0,368750.0,558466.0,240.0,280.0,213.0,260.0,6632764,269967.4,0.0407020964412423
353,2013_ARKANSAS,ARKANSAS,2013,477716.0,5067546.0,572096.0,3847045.0,648405.0,5226339.0,2545564.0,1694335.0,281692.0,533975.0,240.0,278.0,219.0,262.0,2959400,110301.4,0.037271541528688244
354,2013_CALIFORNIA,CALIFORNIA,2013,6208733.0,68868516.0,7836263.0,35141208.0,25891045.0,69727119.0,34194878.0,20595508.0,3461759.0,6160059.0,234.0,276.0,213.0,262.0,38260787,2219610.5,0.058012672347800893
355,2013_COLORADO,COLORADO,2013,851063.0,8826868.0,696266.0,3693829.0,4436773.0,8699125.0,4292898.0,2773716.0,365228.0,758041.0,247.0,290.0,227.0,271.0,5269035,282605.5,0.053635153306060786
356,2013_CONNECTICUT,CONNECTICUT,2013,517812.0,10319361.0,434543.0,3870444.0,6014374.0,9758850.0,5562212.0,2966636.0,359881.0,487318.0,243.0,285.0,230.0,274.0,3594841,238621.4,0.0663788467973966
357,2013_DELAWARE,DELAWARE,2013,118685.0,1930466.0,151096.0,1124112.0,655258.0,1924626.0,1030897.0,560882.0,97722.0,157935.0,243.0,282.0,226.0,266.0,923576,59496.1,0.06441927897650004
358,2013_FLORIDA,FLORIDA,2013,2680074.0,24681548.0,3027018.0,9455562.0,12198968.0,25245400.0,13833236.0,7622221.0,1689414.0,1411455.0,242.0,281.0,227.0,266.0,19545621,784238.4,0.04012348341349707
359,2013_GEORGIA,GEORGIA,2013,1682620.0,17459504.0,1805878.0,7580785.0,8072841.0,17317504.0,9555687.0,4956142.0,932291.0,1632844.0,240.0,279.0,222.0,265.0,9972479,449796.1,0.045103740002861874
360,2013_HAWAII,HAWAII,2013,184760.0,2331770.0,310778.0,1962923.0,58069.0,2345917.0,1283872.0,770643.0,144746.0,146656.0,243.0,281.0,215.0,260.0,1408243,74294.1,0.05275659101447691
361,2013_IDAHO,IDAHO,2013,272070.0,2015534.0,237912.0,1278155.0,499467.0,1967676.0,1113400.0,631575.0,107264.0,62882.0,241.0,286.0,219.0,270.0,1611206,59966.8,0.037218580367749374
362,2013_ILLINOIS,ILLINOIS,2013,2069823.0,30057886.0,2311235.0,10382540.0,17364111.0,29517831.0,15285224.0,9509657.0,986182.0,1942608.0,239.0,285.0,219.0,267.0,12895129,719922.2,0.055829003339167835
363,2013_INDIANA,INDIANA,2013,1002772.0,12236713.0,980013.0,7503451.0,3753249.0,11211155.0,5535933.0,3595471.0,527250.0,862576.0,249.0,288.0,225.0,267.0,6568713,303966.8,0.046274940007273876
364,2013_IOWA,IOWA,2013,499489.0,6281345.0,459132.0,3118413.0,2703800.0,6318241.0,3174989.0,1748683.0,254025.0,783793.0,246.0,285.0,224.0,269.0,3092997,157902.5,0.05105161757350557
365,2013_KANSAS,KANSAS,2013,488590.0,5667223.0,420820.0,3193838.0,2052565.0,5621023.0,2969201.0,1595974.0,243032.0,616590.0,246.0,290.0,223.0,267.0,2893212,140355.8,0.048512103502957954
366,2013_KENTUCKY,KENTUCKY,2013,685009.0,7216175.0,867735.0,3960822.0,2387618.0,7413896.0,3663594.0,2323851.0,457079.0,729064.0,241.0,281.0,224.0,270.0,4404659,179499.1,0.04075209908417428
367,2013_LOUISIANA,LOUISIANA,2013,671156.0,8121179.0,1229248.0,3370399.0,3521532.0,7940880.0,3963343.0,2657751.0,436167.0,644212.0,231.0,273.0,210.0,257.0,4624527,226345.4,0.048944551518457995
368,2013_MAINE,MAINE,2013,184682.0,2650346.0,196466.0,1029166.0,1424714.0,2535405.0,1351259.0,867538.0,116847.0,70345.0,246.0,289.0,225.0,269.0,1328009,52456.3,0.039499958208114555
369,2013_MARYLAND,MARYLAND,2013,859252.0,13814727.0,828432.0,6093652.0,6892643.0,13284637.0,7303090.0,4243954.0,357919.0,955586.0,245.0,287.0,232.0,274.0,5923188,334431.0,0.056461317790352086
370,2013_MASSACHUSETTS,MASSACHUSETTS,2013,920968.0,16114783.0,818054.0,6428534.0,8868195.0,16201905.0,9097982.0,4759997.0,467050.0,1283156.0,253.0,301.0,232.0,277.0,6713315,446190.4,0.06646349828661399
371,2013_MICHIGAN,MICHIGAN,2013,1381167.0,18270327.0,1636324.0,9882361.0,6751642.0,17468264.0,8885537.0,5675448.0,848456.0,962506.0,237.0,280.0,217.0,266.0,9913065,425327.3,0.04290573097220688
372,2013_MINNESOTA,MINNESOTA,2013,802454.0,10848720.0,646542.0,6792440.0,3409738.0,10942019.0,5826404.0,2652321.0,850969.0,1016760.0,253.0,295.0,227.0,271.0,5413479,303222.5,0.05601250138773975
373,2013_MISSISSIPPI,MISSISSIPPI,2013,492847.0,4444064.0,707522.0,2213501.0,1523041.0,4370050.0,2274357.0,1465175.0,284089.0,285801.0,231.0,271.0,209.0,253.0,2988711,99456.4,0.03327735602405184
374,2013_MISSOURI,MISSOURI,2013,897224.0,10103589.0,894168.0,4235564.0,4973857.0,10001763.0,5139610.0,3082015.0,566933.0,833040.0,240.0,283.0,222.0,267.0,6040715,271475.9,0.044941021054626815
375,2013_MONTANA,MONTANA,2013,142797.0,1671053.0,210593.0,788329.0,672131.0,1679521.0,907018.0,545326.0,74629.0,111496.0,244.0,289.0,223.0,272.0,1013569,42429.7,0.041861678879286955
376,2013_NEBRASKA,NEBRASKA,2013,303242.0,3870164.0,366241.0,1217306.0,2286617.0,3913038.0,2318463.0,1026626.0,168033.0,298231.0,243.0,285.0,223.0,269.0,1865279,103974.8,0.05574222408551214
377,2013_NEVADA,NEVADA,2013,431776.0,4131800.0,392009.0,2556472.0,1183319.0,4057443.0,2058538.0,1396907.0,166814.0,222161.0,236.0,278.0,214.0,262.0,2775970,128341.2,0.04623292038458629
378,2013_NEW_HAMPSHIRE,NEW_HAMPSHIRE,2013,187703.0,2976317.0,163890.0,1020089.0,1792338.0,2878534.0,1642945.0,879507.0,76488.0,72588.0,253.0,296.0,232.0,274.0,1326622,68124.5,0.05135185455992739
379,2013_NEW_JERSEY,NEW_JERSEY,2013,1338657.0,28070096.0,1145079.0,10986132.0,15938885.0,28179900.0,15489942.0,9131634.0,1218744.0,933676.0,247.0,296.0,229.0,276.0,8856972,526889.9,0.05948871691137784
380,2013_NEW_MEXICO,NEW_MEXICO,2013,327209.0,3518621.0,519318.0,2401884.0,597419.0,3536546.0,1709797.0,1096508.0,145330.0,514077.0,233.0,273.0,206.0,256.0,2092273,86624.8,0.04140224530928804
381,2013_NEW_YORK,NEW_YORK,2013,2629805.0,59623918.0,3335657.0,23632698.0,32655563.0,60505950.0,38756656.0,14846782.0,1462376.0,3982327.0,240.0,282.0,224.0,266.0,19624447,1325490.0,0.067542794963853
382,2013_NORTH_CAROLINA,NORTH_CAROLINA,2013,1468228.0,12729402.0,1579889.0,7891977.0,3257536.0,13650536.0,7681386.0,3957680.0,744037.0,653058.0,245.0,286.0,222.0,265.0,9843336,445109.6,0.045219384972736885
383,2013_NORTH_DAKOTA,NORTH_DAKOTA,2013,101025.0,1405349.0,145905.0,685348.0,574096.0,1516575.0,718970.0,400607.0,94995.0,224615.0,246.0,291.0,224.0,268.0,722036,52385.5,0.07255247660781457
384,2013_OHIO,OHIO,2013,1613718.0,22536516.0,1721213.0,8990516.0,11824787.0,22015797.0,10800145.0,7376469.0,916885.0,1998557.0,246.0,290.0,224.0,269.0,11576684,550692.3,0.04756908800482073
385,2013_OKLAHOMA,OKLAHOMA,2013,671445.0,5878111.0,715944.0,2890048.0,2272119.0,5796945.0,2800189.0,1972011.0,404107.0,557341.0,239.0,276.0,217.0,262.0,3853214,176862.6,0.04590002008712727
386,2013_OREGON,OREGON,2013,564006.0,6077498.0,471682.0,3041825.0,2563991.0,6228197.0,3261733.0,2067538.0,228499.0,343353.0,240.0,284.0,219.0,268.0,3922468,175811.6,0.04482167859623074
387,2013_PENNSYLVANIA,PENNSYLVANIA,2013,1623694.0,28484645.0,2049113.0,9764558.0,16670974.0,28495118.0,15456205.0,7737010.0,1178563.0,1501024.0,244.0,290.0,226.0,272.0,12776309,650802.3,0.05093820914944997
388,2013_RHODE_ISLAND,RHODE_ISLAND,2013,136401.0,2282659.0,193393.0,841875.0,1247391.0,2231413.0,1265936.0,765178.0,96721.0,35089.0,241.0,284.0,223.0,267.0,1055081,51679.0,0.04898107349104002
389,2013_SOUTH_CAROLINA,SOUTH_CAROLINA,2013,722249.0,8254462.0,814137.0,3819285.0,3621040.0,8224795.0,3933177.0,2621911.0,426662.0,853410.0,237.0,280.0,214.0,261.0,4764080,178757.4,0.03752191398968951
390,2013_SOUTH_DAKOTA,SOUTH_DAKOTA,2013,130296.0,1316613.0,194731.0,408009.0,713873.0,1332496.0,663258.0,390637.0,64999.0,179586.0,241.0,287.0,218.0,268.0,842316,43737.7,0.05192552438752202
391,2013_TENNESSEE,TENNESSEE,2013,992461.0,9008032.0,1165801.0,4097627.0,3744604.0,9248235.0,5191269.0,2780452.0,534815.0,564756.0,240.0,278.0,220.0,265.0,6494340,287259.0,0.044232208353735716
392,2013_TEXAS,TEXAS,2013,4897523.0,49734537.0,5695947.0,18873046.0,25165544.0,50674724.0,24226519.0,14150552.0,2585417.0,5472152.0,242.0,288.0,217.0,264.0,26480266,1470464.6,0.05553058266106542
393,2013_UTAH,UTAH,2013,562315.0,4300793.0,409774.0,2235917.0,1655102.0,4584624.0,2361179.0,1097484.0,309365.0,698249.0,243.0,284.0,223.0,270.0,2897640,132169.1,0.04561267100122859
394,2013_VERMONT,VERMONT,2013,89200.0,1817307.0,114697.0,1431621.0,270989.0,1809138.0,935593.0,538854.0,57026.0,55825.0,248.0,295.0,228.0,274.0,626210,28367.9,0.045300937385222215
395,2013_VIRGINIA,VIRGINIA,2013,1264880.0,15322318.0,1108879.0,5874323.0,8339116.0,15634918.0,8445746.0,4874065.0,626080.0,1089417.0,246.0,288.0,229.0,268.0,8252427,446625.0,0.05412044238622166
396,2013_WASHINGTON,WASHINGTON,2013,1050901.0,12242231.0,1042200.0,7159428.0,4040603.0,12097549.0,5911337.0,3777476.0,537261.0,1443002.0,246.0,290.0,225.0,272.0,6963985,411468.9,0.05908526511760149
397,2013_WEST_VIRGINIA,WEST_VIRGINIA,2013,282310.0,3486366.0,383169.0,2027414.0,1075783.0,3488877.0,1828234.0,1130079.0,225073.0,284685.0,237.0,274.0,215.0,257.0,1853914,70121.2,0.037823329453254034
398,2013_WISCONSIN,WISCONSIN,2013,863737.0,11097447.0,827432.0,5587013.0,4683002.0,10845059.0,5637545.0,3551036.0,496850.0,521352.0,245.0,289.0,221.0,268.0,5736754,275648.7,0.04804959389926777
399,2013_WYOMING,WYOMING,2013,91533.0,1695967.0,113501.0,881114.0,701352.0,1675477.0,846872.0,546422.0,52001.0,213920.0,247.0,288.0,226.0,271.0,582122,38523.2,0.06617719309697967
400,2015_ALABAMA,ALABAMA,2015,734974.0,7360222.0,795238.0,4080167.0,2484817.0,7501799.0,3817479.0,2414860.0,594283.0,510091.0,231.0,267.0,217.0,259.0,4852347,189428.8,0.03903859307671112
401,2015_ALASKA,ALASKA,2015,130755.0,2920986.0,344111.0,2026555.0,550320.0,2968341.0,1484610.0,1068849.0,92766.0,281914.0,236.0,280.0,213.0,260.0,737498,54015.3,0.07324128336619218
402,2015_ARIZONA,ARIZONA,2015,944978.0,8230507.0,1093834.0,3232013.0,3904660.0,7902600.0,3846357.0,2880184.0,478876.0,497662.0,238.0,283.0,215.0,263.0,6829676,281935.6,0.04128096266938578
403,2015_ARKANSAS,ARKANSAS,2015,479682.0,5308625.0,581412.0,4075118.0,652095.0,5350543.0,2620399.0,1772639.0,290396.0,511556.0,235.0,275.0,218.0,259.0,2978048,112938.9,0.03792380109387088
404,2015_CALIFORNIA,CALIFORNIA,2015,6226523.0,78248042.0,7556365.0,42360470.0,28331207.0,78365958.0,38951948.0,23501848.0,3754315.0,6373893.0,232.0,275.0,213.0,259.0,38918045,2437366.9,0.06262819471019163
405,2015_COLORADO,COLORADO,2015,872320.0,9648297.0,715254.0,4354525.0,4578518.0,9557682.0,4578938.0,3170482.0,397263.0,923360.0,242.0,286.0,224.0,268.0,5450623,308898.9,0.05667221893717471
406,2015_CONNECTICUT,CONNECTICUT,2015,505366.0,11099837.0,444073.0,4353546.0,6302218.0,10542667.0,6006275.0,3233901.0,362941.0,530491.0,240.0,284.0,229.0,273.0,3587122,245304.5,0.0683847663948982
407,2015_DELAWARE,DELAWARE,2015,121845.0,2017075.0,137544.0,1142333.0,737198.0,1975093.0,1072395.0,583951.0,122741.0,103129.0,239.0,280.0,224.0,263.0,941252,66527.0,0.07067926548894451
408,2015_FLORIDA,FLORIDA,2015,2743641.0,26971491.0,3118041.0,10661586.0,13191864.0,27277049.0,14931173.0,8186082.0,1816178.0,1681665.0,243.0,275.0,227.0,263.0,20209042,842269.4,0.04167784895493809
409,2015_GEORGIA,GEORGIA,2015,1717805.0,18584666.0,1831221.0,8310872.0,8442573.0,18501103.0,10081483.0,5324072.0,996277.0,1879063.0,236.0,279.0,222.0,262.0,10178447,484378.4,0.047588635083525024
410,2015_HAWAII,HAWAII,2015,182384.0,2703683.0,259390.0,2381547.0,62746.0,2521004.0,1377713.0,835930.0,145560.0,161801.0,238.0,279.0,215.0,257.0,1422052,77176.6,0.05427129247031755
411,2015_IDAHO,IDAHO,2015,274131.0,2167967.0,232449.0,1381205.0,554313.0,2029520.0,1130814.0,663005.0,108684.0,75680.0,239.0,284.0,222.0,269.0,1651059,63235.7,0.03830008497576404
412,2015_ILLINOIS,ILLINOIS,2015,2047123.0,32096832.0,2262192.0,11858968.0,17975672.0,32410033.0,17313173.0,10279691.0,992075.0,2056951.0,237.0,282.0,222.0,267.0,12858913,747666.8,0.058143857105184556
413,2015_INDIANA,INDIANA,2015,1004215.0,12456571.0,929878.0,7676341.0,3850352.0,11378564.0,5537406.0,3712136.0,547516.0,948358.0,248.0,287.0,227.0,268.0,6608422,311850.4,0.04718984350575675
414,2015_IOWA,IOWA,2015,505311.0,6714410.0,458457.0,3460798.0,2795155.0,6772654.0,3383909.0,1912222.0,262267.0,842674.0,243.0,286.0,224.0,268.0,3120960,170545.9,0.054645333487132165
415,2015_KANSAS,KANSAS,2015,496920.0,5991731.0,475273.0,3967809.0,1548649.0,6175724.0,3051755.0,1692953.0,250584.0,963767.0,241.0,284.0,221.0,267.0,2909011,147929.8,0.050852265598170646
416,2015_KENTUCKY,KENTUCKY,2015,688475.0,7548871.0,848963.0,4176753.0,2523155.0,7554887.0,3807748.0,2417226.0,468694.0,600859.0,242.0,278.0,228.0,268.0,4425976,182487.9,0.041231109251383194
417,2015_LOUISIANA,LOUISIANA,2015,661015.0,8448743.0,1235580.0,3480365.0,3732798.0,8437263.0,4100906.0,2774314.0,416066.0,780338.0,234.0,268.0,216.0,255.0,4664628,230434.0,0.0494002951575131
418,2015_MAINE,MAINE,2015,176176.0,2739589.0,183883.0,1060925.0,1494781.0,2596180.0,1406898.0,910381.0,109541.0,55686.0,242.0,285.0,224.0,268.0,1328262,53879.3,0.0405637592583391
419,2015_MARYLAND,MARYLAND,2015,874108.0,14491642.0,819162.0,6267624.0,7404856.0,13882823.0,7686024.0,4358416.0,386104.0,1050651.0,239.0,283.0,223.0,268.0,5985562,349146.8,0.058331498362225634
420,2015_MASSACHUSETTS,MASSACHUSETTS,2015,916130.0,16985185.0,778939.0,6808436.0,9397810.0,16972319.0,9774884.0,5043032.0,497880.0,1034539.0,251.0,297.0,235.0,274.0,6794228,471979.2,0.0694676716766055
421,2015_MICHIGAN,MICHIGAN,2015,1345009.0,19025996.0,1582706.0,10510346.0,6932944.0,17742903.0,9040821.0,5839572.0,831874.0,967476.0,236.0,278.0,216.0,264.0,9931715,442287.6,0.044532852583868944
422,2015_MINNESOTA,MINNESOTA,2015,807044.0,11684249.0,629909.0,7567199.0,3487141.0,11969872.0,6257807.0,2933999.0,893322.0,1328863.0,250.0,294.0,223.0,270.0,5482032,316863.3,0.0578003375390731
423,2015_MISSISSIPPI,MISSISSIPPI,2015,490189.0,4592343.0,672366.0,2324855.0,1595122.0,4624539.0,2350872.0,1525340.0,285117.0,407791.0,234.0,271.0,214.0,252.0,2988471,100013.6,0.03346647834293858
424,2015_MISSOURI,MISSOURI,2015,892779.0,10623391.0,948600.0,4441091.0,5233700.0,10540353.0,5387766.0,3266781.0,615166.0,869078.0,239.0,281.0,223.0,267.0,6071732,276316.7,0.04550871151757028
425,2015_MONTANA,MONTANA,2015,144447.0,1804339.0,214980.0,851068.0,738291.0,1804841.0,940488.0,581694.0,80426.0,160885.0,241.0,287.0,225.0,270.0,1030475,45042.5,0.0437104248040952
426,2015_NEBRASKA,NEBRASKA,2015,312281.0,4248695.0,344382.0,1350116.0,2554197.0,4283846.0,2446701.0,1102622.0,183067.0,449287.0,244.0,286.0,227.0,269.0,1891277,110752.9,0.058559851359689774
427,2015_NEVADA,NEVADA,2015,438948.0,4345419.0,395630.0,2744606.0,1205183.0,4183085.0,2170424.0,1459504.0,174388.0,205794.0,234.0,275.0,214.0,259.0,2866939,134892.2,0.04705094876451854
428,2015_NEW_HAMPSHIRE,NEW_HAMPSHIRE,2015,183039.0,3093061.0,164905.0,1000063.0,1928093.0,3044720.0,1697165.0,938368.0,75581.0,125475.0,249.0,294.0,232.0,275.0,1336350,71419.1,0.05344340928648932
429,2015_NEW_JERSEY,NEW_JERSEY,2015,1339230.0,29335237.0,1154004.0,11423305.0,16757928.0,28809725.0,15339450.0,9414336.0,1271558.0,1290946.0,245.0,293.0,229.0,271.0,8867949,535284.5,0.06036170257632289
430,2015_NEW_MEXICO,NEW_MEXICO,2015,326297.0,3789651.0,499789.0,2595682.0,694180.0,3846641.0,1773801.0,1256303.0,154435.0,587243.0,231.0,271.0,207.0,253.0,2089291,91679.5,0.043880675310428274
431,2015_NEW_YORK,NEW_YORK,2015,2631532.0,63712218.0,2869847.0,25900858.0,34941513.0,65094591.0,41954260.0,15714795.0,1540851.0,4536014.0,237.0,280.0,223.0,263.0,19654666,1372232.4,0.0698171314638468
432,2015_NORTH_CAROLINA,NORTH_CAROLINA,2015,1465031.0,13146934.0,1589570.0,8172685.0,3384679.0,14060699.0,7960222.0,4082387.0,746694.0,698847.0,244.0,281.0,226.0,261.0,10031646,469535.6,0.04680543950613887
433,2015_NORTH_DAKOTA,NORTH_DAKOTA,2015,106061.0,1644533.0,158373.0,942772.0,543388.0,1804762.0,825445.0,483984.0,110836.0,303053.0,245.0,288.0,225.0,267.0,754066,55067.4,0.07302729469303748
434,2015_OHIO,OHIO,2015,1600222.0,24378660.0,1676820.0,10169760.0,12532080.0,22561728.0,11620080.0,7324444.0,922732.0,1750785.0,244.0,285.0,225.0,266.0,11617527,579943.2,0.04991967739778009
435,2015_OKLAHOMA,OKLAHOMA,2015,671715.0,6121188.0,688990.0,2993050.0,2439148.0,6184819.0,3000894.0,2041507.0,414086.0,663768.0,240.0,275.0,222.0,263.0,3909500,193237.7,0.049427727330860725
436,2015_OREGON,OREGON,2015,570376.0,7111710.0,577106.0,3678001.0,2856603.0,7011609.0,3650855.0,2272382.0,249968.0,477516.0,238.0,283.0,220.0,268.0,4015792,191864.2,0.04777742472717711
437,2015_PENNSYLVANIA,PENNSYLVANIA,2015,1589429.0,29967185.0,1857885.0,10532452.0,17576848.0,29690645.0,16058338.0,8196747.0,1050310.0,1663209.0,243.0,284.0,227.0,269.0,12784826,682527.0,0.05338570896467422
438,2015_RHODE_ISLAND,RHODE_ISLAND,2015,134574.0,2367068.0,184718.0,908963.0,1273387.0,2326473.0,1322055.0,792525.0,90209.0,50889.0,238.0,281.0,225.0,265.0,1056065,52957.8,0.05014634515867868
439,2015_SOUTH_CAROLINA,SOUTH_CAROLINA,2015,737401.0,8759944.0,836137.0,4094766.0,3829041.0,8783362.0,4123140.0,2893109.0,447019.0,928112.0,237.0,276.0,218.0,260.0,4891938,190294.1,0.03889953225081757
440,2015_SOUTH_DAKOTA,SOUTH_DAKOTA,2015,132836.0,1415149.0,206853.0,425614.0,782682.0,1464781.0,709363.0,426257.0,70128.0,222592.0,240.0,285.0,220.0,267.0,853988,45371.8,0.05312931797636501
441,2015_TENNESSEE,TENNESSEE,2015,994530.0,9455920.0,1122775.0,4385403.0,3947742.0,9562527.0,5343272.0,2862499.0,560697.0,553396.0,241.0,278.0,219.0,265.0,6591170,302970.2,0.04596607279132536
442,2015_TEXAS,TEXAS,2015,5004866.0,55582029.0,5830972.0,20967429.0,28783628.0,56255791.0,26745844.0,15145619.0,2783770.0,6765205.0,244.0,284.0,218.0,261.0,27470056,1595969.5,0.05809851643549616
443,2015_UTAH,UTAH,2015,573913.0,4705084.0,400213.0,2487937.0,1816934.0,4537962.0,2367650.0,1166728.0,271400.0,606254.0,243.0,286.0,226.0,269.0,2981835,141602.0,0.047488207764681815
444,2015_VERMONT,VERMONT,2015,85184.0,1996795.0,105333.0,1546600.0,344862.0,1969415.0,983532.0,566649.0,61871.0,58856.0,243.0,290.0,230.0,274.0,625216,28876.6,0.04618659791176169
445,2015_VIRGINIA,VIRGINIA,2015,1279867.0,15857524.0,1012205.0,6240349.0,8604970.0,16113212.0,8755896.0,5075509.0,627473.0,1086722.0,247.0,288.0,229.0,267.0,8361808,455830.0,0.054513330131473955
446,2015_WASHINGTON,WASHINGTON,2015,1072359.0,13709442.0,1036422.0,8293812.0,4379208.0,13630138.0,6508964.0,4510672.0,546926.0,1601069.0,245.0,287.0,226.0,267.0,7163657,446628.3,0.06234641049955351
447,2015_WEST_VIRGINIA,WEST_VIRGINIA,2015,279565.0,3478401.0,362959.0,1979466.0,1135976.0,3466981.0,1819903.0,1161944.0,233836.0,232738.0,235.0,271.0,216.0,260.0,1842050,70332.7,0.03818175402404929
448,2015_WISCONSIN,WISCONSIN,2015,861813.0,11637376.0,814385.0,5869265.0,4953726.0,11553677.0,5723474.0,3691809.0,513402.0,894823.0,243.0,289.0,223.0,270.0,5760940,288260.1,0.05003699049113512
449,2015_WYOMING,WYOMING,2015,93867.0,1962874.0,120290.0,1116917.0,725667.0,1942406.0,895910.0,565489.0,52520.0,409425.0,247.0,287.0,228.0,269.0,585613,39899.0,0.06813202575762492
