,PRIMARY_KEY,STATE,YEAR,ENROLL,TOTAL_REVENUE,FEDERAL_REVENUE,STATE_REVENUE,LOCAL_REVENUE,TOTAL_EXPENDITURE,INSTRUCTION_EXPENDITURE,SUPPORT_SERVICES_EXPENDITURE,OTHER_EXPENDITURE,CAPITAL_OUTLAY_EXPENDITURE,AVG_MATH_4_SCORE,AVG_MATH_8_SCORE,AVG_READING_4_SCORE,AVG_READING_8_SCORE,AVG_SCORE,POPULATION,GDP,GDP_PER_CAPITA
83,2003_ALABAMA,ALABAMA,2003,727900.0,5196054.0,567704.0,2966981.0,1661369.0,5298932.0,2817111.0,1521462.0,424662.0,432279.0,223.0,262.0,207.0,253.0,236.25,4503491,165250.5,0.036693867046697776
84,2003_ALASKA,ALASKA,2003,133303.0,1425948.0,259423.0,813371.0,353154.0,1610289.0,763525.0,514052.0,55715.0,247005.0,233.0,279.0,212.0,256.0,245.0,648414,42132.7,0.0649780849889114
85,2003_ARIZONA,ARIZONA,2003,875111.0,6529894.0,740579.0,2912629.0,2876686.0,6210287.0,2810907.0,1964229.0,303924.0,864642.0,229.0,271.0,209.0,255.0,241.0,5510364,233339.1,0.042345496595143264
86,2003_ARKANSAS,ARKANSAS,2003,450158.0,3241275.0,379947.0,2394336.0,466992.0,3242799.0,1768713.0,972598.0,170767.0,247245.0,229.0,266.0,214.0,258.0,241.75,2724816,96714.2,0.03549384618998127
87,2003_CALIFORNIA,CALIFORNIA,2003,6226552.0,59815855.0,5795655.0,33617766.0,20402434.0,59749885.0,29561563.0,17030335.0,2995767.0,7341541.0,227.0,267.0,206.0,251.0,237.75,35253159,1829296.5,0.051890285917355665
88,2003_COLORADO,COLORADO,2003,751049.0,6297242.0,400219.0,2715219.0,3181804.0,6685029.0,3168745.0,2149761.0,236480.0,821129.0,235.0,283.0,224.0,268.0,252.5,4528732,238843.8,0.05273966311099884
89,2003_CONNECTICUT,CONNECTICUT,2003,548466.0,6959891.0,351001.0,2481901.0,4126989.0,6751815.0,3721466.0,1951609.0,252325.0,539870.0,241.0,284.0,228.0,267.0,255.0,3484336,222125.2,0.06374964986155182
90,2003_DELAWARE,DELAWARE,2003,111282.0,1242436.0,91986.0,794472.0,355978.0,1317447.0,673997.0,367660.0,53399.0,171247.0,236.0,277.0,224.0,265.0,250.5,818003,57916.4,0.07080218532205872
91,2003_FLORIDA,FLORIDA,2003,2536699.0,19549835.0,1956803.0,8689141.0,8903891.0,20180142.0,9622598.0,5938231.0,1225274.0,2924134.0,234.0,271.0,218.0,257.0,245.0,17004085,714958.5,0.04204627887945749
92,2003_GEORGIA,GEORGIA,2003,1495819.0,13524807.0,1051973.0,6551699.0,5921135.0,13516783.0,7352918.0,3615906.0,649880.0,1705482.0,230.0,270.0,214.0,258.0,243.0,8622793,410866.0,0.047648830257203206
93,2003_HAWAII,HAWAII,2003,183829.0,2078877.0,170377.0,1873318.0,35182.0,1602392.0,888473.0,521929.0,128941.0,63049.0,227.0,266.0,208.0,251.0,238.0,1251154,60828.5,0.04861791594000419
94,2003_IDAHO,IDAHO,2003,248515.0,1685984.0,162530.0,994022.0,529432.0,1726941.0,924434.0,510284.0,69672.0,185850.0,235.0,280.0,218.0,264.0,249.25,1363380,48624.8,0.035664891666299936
95,2003_ILLINOIS,ILLINOIS,2003,2062664.0,19627346.0,1618724.0,6792637.0,11215985.0,21278177.0,10409933.0,6336325.0,706758.0,2727980.0,233.0,277.0,216.0,266.0,248.0,12556006,656380.3,0.05227620152459309
96,2003_INDIANA,INDIANA,2003,999713.0,8246076.0,582940.0,4569923.0,3093213.0,9777720.0,4785880.0,2848989.0,377679.0,859389.0,238.0,281.0,220.0,265.0,251.0,6196638,275172.6,0.04440675734164235
97,2003_IOWA,IOWA,2003,482210.0,4374803.0,304688.0,1974708.0,2095407.0,4517990.0,2157225.0,1208401.0,284796.0,459042.0,238.0,284.0,223.0,268.0,253.25,2941999,129246.4,0.043931490119473185
98,2003_KANSAS,KANSAS,2003,470264.0,4068800.0,311152.0,2397661.0,1359987.0,3818740.0,2068389.0,1196089.0,167265.0,235653.0,242.0,284.0,220.0,266.0,253.0,2723004,117541.4,0.04316607687686099
99,2003_KENTUCKY,KENTUCKY,2003,660782.0,4872025.0,503734.0,2904331.0,1463960.0,4700494.0,2688476.0,1473773.0,282473.0,127011.0,229.0,274.0,219.0,266.0,247.0,4117170,159399.5,0.03871579264397632
100,2003_LOUISIANA,LOUISIANA,2003,723252.0,5478321.0,739078.0,2638985.0,2100258.0,5515322.0,3009591.0,1645457.0,337709.0,409705.0,226.0,266.0,205.0,253.0,237.5,4521042,221295.9,0.04894798588466995
101,2003_MAINE,MAINE,2003,203848.0,2162605.0,163516.0,874208.0,1124881.0,2154117.0,1255095.0,569146.0,79491.0,137716.0,238.0,282.0,224.0,268.0,253.0,1306513,51733.5,0.03959662092914498
102,2003_MARYLAND,MARYLAND,2003,866743.0,8700979.0,571108.0,3317403.0,4812468.0,8732518.0,4738579.0,2630831.0,385935.0,674852.0,233.0,278.0,219.0,262.0,248.0,5496269,277982.6,0.0505766002355416
103,2003_MASSACHUSETTS,MASSACHUSETTS,2003,967200.0,11591832.0,712487.0,4757632.0,6121713.0,11382398.0,6521028.0,3444135.0,356389.0,424368.0,242.0,287.0,228.0,273.0,257.5,6422565,374692.5,0.05834000901508977
104,2003_MICHIGAN,MICHIGAN,2003,1764327.0,18488359.0,1357006.0,11227903.0,5903450.0,19680370.0,8725075.0,6144707.0,844762.0,2453532.0,236.0,276.0,219.0,264.0,248.75,10041152,442746.4,0.04409318771391968
105,2003_MINNESOTA,MINNESOTA,2003,825674.0,8484497.0,463746.0,6064474.0,1956277.0,8938770.0,4318736.0,2130933.0,613899.0,1204124.0,242.0,291.0,223.0,268.0,256.0,5053572,263658.3,0.052172661238426996
106,2003_MISSISSIPPI,MISSISSIPPI,2003,491623.0,3260771.0,482904.0,1754451.0,1023416.0,3205193.0,1702193.0,965269.0,203597.0,267397.0,223.0,261.0,205.0,255.0,236.0,2868312,92036.3,0.032087269446280604
107,2003_MISSOURI,MISSOURI,2003,921625.0,7622601.0,559732.0,3430809.0,3632060.0,7905481.0,4087984.0,2334521.0,448752.0,767068.0,235.0,279.0,222.0,267.0,250.75,5709403,253103.3,0.0443309571946489
108,2003_MONTANA,MONTANA,2003,149801.0,1205602.0,171819.0,553269.0,480514.0,1214879.0,687104.0,384824.0,48570.0,75983.0,236.0,286.0,223.0,270.0,253.75,919630,33860.3,0.036819481748094345
109,2003_NEBRASKA,NEBRASKA,2003,283934.0,2600831.0,225861.0,878715.0,1496255.0,2623966.0,1414919.0,683210.0,112145.0,329746.0,236.0,282.0,221.0,266.0,251.25,1738643,84099.1,0.04837053955297321
110,2003_NEVADA,NEVADA,2003,369498.0,2778564.0,191839.0,1663026.0,923699.0,3009028.0,1406660.0,767835.0,88985.0,576610.0,228.0,268.0,207.0,252.0,238.75,2248850,115128.3,0.051194299308535474
111,2003_NEW_HAMPSHIRE,NEW_HAMPSHIRE,2003,203702.0,2028602.0,101294.0,957471.0,969837.0,2122604.0,1119824.0,570036.0,60830.0,214807.0,243.0,286.0,228.0,271.0,257.0,1279840,61610.0,0.04813882985373172
112,2003_NEW_JERSEY,NEW_JERSEY,2003,1350330.0,19785039.0,797717.0,8135014.0,10852308.0,19812932.0,10169992.0,6429003.0,677268.0,1626453.0,239.0,281.0,225.0,268.0,253.25,8601402,499353.6,0.05805490779293887
113,2003_NEW_MEXICO,NEW_MEXICO,2003,320264.0,2626262.0,383513.0,1905419.0,337330.0,2658140.0,1239571.0,851701.0,131177.0,399406.0,223.0,263.0,203.0,252.0,235.25,1877574,77088.4,0.04105744966643125
114,2003_NEW_YORK,NEW_YORK,2003,2879228.0,38033080.0,2591430.0,17509618.0,17932032.0,41603390.0,24786376.0,10000845.0,1156927.0,4489672.0,236.0,280.0,222.0,265.0,250.75,19175939,1101603.6,0.057447178988210175
115,2003_NORTH_CAROLINA,NORTH_CAROLINA,2003,1314632.0,9907235.0,888996.0,5970302.0,3047937.0,9989670.0,5517870.0,2721749.0,528694.0,940500.0,242.0,281.0,221.0,262.0,251.5,8422501,374588.0,0.04447467563375772
116,2003_NORTH_DAKOTA,NORTH_DAKOTA,2003,103785.0,882913.0,126023.0,306647.0,450243.0,895278.0,448720.0,239435.0,60008.0,81014.0,238.0,287.0,222.0,270.0,254.25,638817,27996.7,0.04382585310034016
117,2003_OHIO,OHIO,2003,1803966.0,18018740.0,1097349.0,7844992.0,9076399.0,18760200.0,8958790.0,6097596.0,800930.0,2324140.0,238.0,282.0,222.0,267.0,252.25,11434788,522440.1,0.04568865640534831
118,2003_OKLAHOMA,OKLAHOMA,2003,624202.0,4426835.0,563974.0,2272785.0,1590076.0,4376502.0,2158574.0,1402007.0,453806.0,307213.0,229.0,272.0,214.0,262.0,244.25,3504892,132931.1,0.03792730275283804
119,2003_OREGON,OREGON,2003,552135.0,4592019.0,407432.0,2348070.0,1836517.0,4978764.0,2458415.0,1546156.0,175667.0,606048.0,236.0,281.0,218.0,264.0,249.75,3547376,145500.1,0.041016261033507584
120,2003_PENNSYLVANIA,PENNSYLVANIA,2003,1757066.0,19811545.0,1419644.0,6912678.0,11479223.0,20626459.0,10151195.0,5765734.0,810211.0,1848552.0,236.0,279.0,219.0,264.0,249.5,12374658,561781.4,0.045397731395889894
121,2003_RHODE_ISLAND,RHODE_ISLAND,2003,157286.0,1728055.0,109011.0,713197.0,905847.0,1646238.0,971700.0,525727.0,64258.0,31360.0,230.0,272.0,216.0,261.0,244.75,1071342,49348.1,0.04606194847210321
122,2003_SOUTH_CAROLINA,SOUTH_CAROLINA,2003,691736.0,5709707.0,535356.0,2761951.0,2412400.0,6024747.0,2888468.0,1731328.0,324241.0,865462.0,236.0,277.0,215.0,258.0,246.5,4150297,160100.1,0.03857557663945496
123,2003_SOUTH_DAKOTA,SOUTH_DAKOTA,2003,127632.0,965778.0,148498.0,328576.0,488704.0,993823.0,499480.0,295468.0,42694.0,122247.0,237.0,285.0,222.0,270.0,253.5,763729,33381.1,0.043708043036207865
124,2003_TENNESSEE,TENNESSEE,2003,905050.0,5994756.0,608447.0,2648909.0,2737400.0,6482671.0,3621601.0,1716956.0,341055.0,635950.0,228.0,268.0,212.0,258.0,241.5,5847812,247175.6,0.04226804828883008
125,2003_TEXAS,TEXAS,2003,4201914.0,35143236.0,3360082.0,13675228.0,18107926.0,37333674.0,18009879.0,10264033.0,1731131.0,4764154.0,237.0,277.0,215.0,259.0,247.0,22030931,1048182.1,0.04757774875696356
126,2003_UTAH,UTAH,2003,483066.0,2875622.0,263030.0,1607204.0,1005388.0,2957874.0,1508566.0,705128.0,205147.0,469251.0,235.0,281.0,219.0,264.0,249.75,2360137,97639.9,0.04137043739410042
127,2003_VERMONT,VERMONT,2003,94901.0,1451171.0,79956.0,779124.0,592091.0,1440961.0,662999.0,345187.0,32289.0,46411.0,242.0,286.0,226.0,271.0,256.25,617858,25293.8,0.04093788540408961
128,2003_VIRGINIA,VIRGINIA,2003,1175458.0,10504167.0,698716.0,4087720.0,5717731.0,10746679.0,5661291.0,3184333.0,425933.0,1069375.0,239.0,282.0,223.0,268.0,253.0,7366977,376191.2,0.051064527553160544
129,2003_WASHINGTON,WASHINGTON,2003,1014577.0,8565636.0,702469.0,5334268.0,2528899.0,8802387.0,4332487.0,2514359.0,396084.0,1189781.0,238.0,281.0,221.0,264.0,251.0,6104115,315728.1,0.05172381254285019
130,2003_WEST_VIRGINIA,WEST_VIRGINIA,2003,281591.0,2497707.0,267470.0,1519848.0,710389.0,2524444.0,1420396.0,761887.0,164473.0,166233.0,231.0,271.0,219.0,260.0,245.25,1812295,62938.6,0.03472867276022943
131,2003_WISCONSIN,WISCONSIN,2003,875390.0,8931497.0,530014.0,4838109.0,3563374.0,9128279.0,4844788.0,2757563.0,346325.0,733156.0,237.0,284.0,221.0,266.0,252.0,5479203,247796.9,0.04522498983885065
132,2003_WYOMING,WYOMING,2003,85966.0,962240.0,84308.0,489199.0,388733.0,915515.0,473447.0,292271.0,27608.0,110312.0,241.0,284.0,222.0,267.0,253.5,503453,30646.5,0.0608726137295835
133,2005_ALABAMA,ALABAMA,2005,729342.0,5889966.0,665924.0,3247562.0,1976480.0,5904664.0,3053380.0,1744013.0,462605.0,511944.0,225.0,262.0,208.0,252.0,236.75,4569805,181871.0,0.039798415906149166
134,2005_ALASKA,ALASKA,2005,132568.0,1599739.0,302846.0,878731.0,418162.0,1751718.0,829666.0,559084.0,55782.0,268700.0,236.0,279.0,211.0,259.0,246.25,666946,45064.7,0.06756873869848533
135,2005_ARIZONA,ARIZONA,2005,919875.0,7550109.0,897553.0,3320196.0,3332360.0,7136794.0,3423716.0,2264931.0,351097.0,861286.0,230.0,274.0,207.0,255.0,241.5,5839077,263047.3,0.04504946586592367
136,2005_ARKANSAS,ARKANSAS,2005,461667.0,3978240.0,447012.0,2995788.0,535440.0,3999608.0,2118580.0,1173643.0,200865.0,393713.0,236.0,272.0,217.0,258.0,245.75,2781097,104758.6,0.037668085651093794
137,2005_CALIFORNIA,CALIFORNIA,2005,6307022.0,62171797.0,7148863.0,34912166.0,20110768.0,66196072.0,31070450.0,18046385.0,3132465.0,10223657.0,230.0,269.0,207.0,250.0,239.0,35827943,1988736.5,0.05550797320404356
138,2005_COLORADO,COLORADO,2005,765388.0,6910296.0,472246.0,2954915.0,3483135.0,7284280.0,3380399.0,2343655.0,260280.0,918985.0,239.0,281.0,224.0,265.0,252.25,4631888,251266.6,0.05424712341921912
139,2005_CONNECTICUT,CONNECTICUT,2005,552512.0,7898694.0,401558.0,2886076.0,4611060.0,7452057.0,4177845.0,2200133.0,277388.0,496778.0,242.0,281.0,226.0,264.0,253.25,3506956,242380.3,0.06911415483969573
140,2005_DELAWARE,DELAWARE,2005,112562.0,1431710.0,106513.0,894498.0,430699.0,1480157.0,761786.0,424220.0,62086.0,172879.0,240.0,281.0,226.0,266.0,253.25,845150,59821.9,0.07078258297343668
141,2005_FLORIDA,FLORIDA,2005,2645280.0,23216404.0,2328513.0,9940813.0,10947078.0,23857012.0,11270907.0,6876508.0,1363005.0,3803764.0,239.0,274.0,219.0,256.0,247.0,17842038,806805.0,0.045219329764906904
142,2005_GEORGIA,GEORGIA,2005,1552758.0,14724731.0,1375318.0,6449103.0,6900310.0,14492666.0,7886069.0,3954215.0,658022.0,1794894.0,234.0,272.0,214.0,257.0,244.25,8925922,445803.4,0.049944801220534976
143,2005_HAWAII,HAWAII,2005,183185.0,2274166.0,236973.0,1986615.0,50578.0,1765805.0,1007207.0,559178.0,137949.0,61471.0,230.0,266.0,210.0,249.0,238.75,1292729,68553.0,0.053029675980039125
144,2005_IDAHO,IDAHO,2005,253782.0,1796035.0,192039.0,1023550.0,580446.0,1819519.0,989703.0,531569.0,77321.0,181622.0,242.0,281.0,222.0,264.0,252.25,1428241,55380.9,0.038775598796001516
145,2005_ILLINOIS,ILLINOIS,2005,2072437.0,21611180.0,1835598.0,7152163.0,12623419.0,22035569.0,11063949.0,6900767.0,755227.0,2137191.0,233.0,278.0,216.0,264.0,247.75,12609903,688522.6,0.054601736428900365
146,2005_INDIANA,INDIANA,2005,1014528.0,11653165.0,708922.0,5224277.0,5719966.0,11071431.0,5343758.0,3228234.0,413599.0,982893.0,240.0,282.0,218.0,261.0,250.25,6278616,285607.9,0.04548898993026489
147,2005_IOWA,IOWA,2005,478319.0,4638125.0,363930.0,2051926.0,2222269.0,4599549.0,2323233.0,1301312.0,214893.0,538313.0,240.0,284.0,221.0,267.0,253.0,2964454,143905.3,0.04854361039166065
148,2005_KANSAS,KANSAS,2005,468481.0,4223632.0,356865.0,2360120.0,1506647.0,4076597.0,2174402.0,1257432.0,183824.0,308365.0,246.0,284.0,220.0,267.0,254.25,2745299,122325.6,0.044558206592433106
149,2005_KENTUCKY,KENTUCKY,2005,674502.0,5444309.0,646215.0,3121503.0,1676591.0,5750671.0,2864633.0,1660844.0,336579.0,741433.0,231.0,274.0,220.0,264.0,247.25,4182742,168840.3,0.04036593698583369
150,2005_LOUISIANA,LOUISIANA,2005,717625.0,5975074.0,844640.0,2787542.0,2342892.0,5941561.0,3264689.0,1854202.0,362965.0,350658.0,230.0,268.0,209.0,253.0,240.0,4576628,245727.5,0.053691822887942824
151,2005_MAINE,MAINE,2005,198745.0,2324789.0,197651.0,895595.0,1231543.0,2325138.0,1355800.0,620991.0,96318.0,128520.0,241.0,281.0,225.0,270.0,254.25,1318787,53606.5,0.04064833820776213
152,2005_MARYLAND,MARYLAND,2005,865561.0,9906219.0,670998.0,3729262.0,5505959.0,9782665.0,5154440.0,2934277.0,407619.0,947970.0,238.0,278.0,220.0,261.0,249.25,5592379,306126.0,0.05473985221673996
153,2005_MASSACHUSETTS,MASSACHUSETTS,2005,955225.0,12976279.0,761359.0,5434971.0,6779949.0,12726283.0,7203922.0,3750687.0,391078.0,803602.0,247.0,292.0,231.0,274.0,261.0,6403290,391462.3,0.061134557391590884
154,2005_MICHIGAN,MICHIGAN,2005,1721351.0,19106382.0,1513264.0,10990030.0,6603088.0,20489512.0,9269314.0,6479470.0,841610.0,1937442.0,238.0,277.0,218.0,261.0,248.5,10051137,450635.9,0.04483432073406223
155,2005_MINNESOTA,MINNESOTA,2005,814660.0,8777363.0,529037.0,5912340.0,2335986.0,9082593.0,4637773.0,2157574.0,646632.0,937357.0,246.0,290.0,225.0,268.0,257.25,5119598,282487.5,0.05517767215316515
156,2005_MISSISSIPPI,MISSISSIPPI,2005,494382.0,3639643.0,552628.0,1958500.0,1128515.0,3610904.0,1935459.0,1096574.0,231190.0,281713.0,227.0,262.0,204.0,251.0,236.0,2905943,95499.9,0.032863652177623576
157,2005_MISSOURI,MISSOURI,2005,902659.0,8340865.0,694008.0,3640728.0,4006129.0,8170965.0,4224716.0,2452665.0,457530.0,708726.0,235.0,276.0,221.0,265.0,249.25,5790300,263282.4,0.045469561162634065
158,2005_MONTANA,MONTANA,2005,146552.0,1293070.0,191687.0,578321.0,523062.0,1268328.0,721019.0,412180.0,53055.0,59998.0,241.0,286.0,225.0,269.0,255.25,940102,37078.1,0.03944050751939683
159,2005_NEBRASKA,NEBRASKA,2005,284553.0,2895640.0,295968.0,878576.0,1721096.0,2708776.0,1487488.0,751435.0,127968.0,264339.0,238.0,284.0,221.0,267.0,252.5,1761497,89082.3,0.050571928308705605
160,2005_NEVADA,NEVADA,2005,399727.0,3381646.0,251421.0,1996995.0,1133230.0,3483540.0,1665706.0,926213.0,115483.0,584219.0,230.0,270.0,207.0,253.0,240.0,2432143,138796.4,0.05706753262452084
161,2005_NEW_HAMPSHIRE,NEW_HAMPSHIRE,2005,202223.0,2332695.0,125956.0,878957.0,1327782.0,2333264.0,1261140.0,651058.0,65668.0,163780.0,246.0,285.0,227.0,270.0,257.0,1298492,64350.0,0.049557486684554085
162,2005_NEW_JERSEY,NEW_JERSEY,2005,1368959.0,23026334.0,937945.0,9340953.0,12747436.0,23023365.0,11575456.0,7408034.0,817943.0,2179605.0,244.0,284.0,223.0,269.0,255.0,8651974,513115.9,0.05930622306539525
163,2005_NEW_MEXICO,NEW_MEXICO,2005,326102.0,2982991.0,480888.0,2102670.0,399433.0,3011696.0,1395996.0,955266.0,149000.0,466166.0,224.0,263.0,207.0,251.0,236.25,1932274,83793.8,0.04336538192823585
164,2005_NEW_YORK,NEW_YORK,2005,2816426.0,43936450.0,3156023.0,19202847.0,21577580.0,45086872.0,27866708.0,11303872.0,1182179.0,3342778.0,238.0,280.0,223.0,265.0,251.5,19132610,1167640.1,0.06102879324880401
165,2005_NORTH_CAROLINA,NORTH_CAROLINA,2005,1347177.0,11098165.0,1116670.0,6440768.0,3540727.0,10917913.0,6160224.0,3039968.0,580213.0,791873.0,241.0,282.0,217.0,258.0,249.5,8705407,406293.9,0.04667144224273489
166,2005_NORTH_DAKOTA,NORTH_DAKOTA,2005,100413.0,969520.0,148482.0,341066.0,479972.0,985502.0,501563.0,258404.0,64839.0,88341.0,243.0,287.0,225.0,270.0,256.25,646089,29166.5,0.0451431613910777
167,2005_OHIO,OHIO,2005,1778784.0,19746239.0,1413888.0,8313858.0,10018493.0,19785561.0,9700668.0,6526386.0,830761.0,2046199.0,242.0,283.0,223.0,267.0,253.75,11463320,544256.4,0.047478077904132485
168,2005_OKLAHOMA,OKLAHOMA,2005,629145.0,4892548.0,678448.0,2440741.0,1773359.0,4785987.0,2303527.0,1569038.0,467321.0,397131.0,234.0,271.0,214.0,260.0,244.75,3548597,142824.8,0.04024824458793151
169,2005_OREGON,OREGON,2005,550502.0,5022050.0,498217.0,2440758.0,2083075.0,5597579.0,2671228.0,1680005.0,181133.0,364717.0,238.0,282.0,217.0,263.0,250.0,3613202,158368.7,0.043830569118471656
170,2005_PENNSYLVANIA,PENNSYLVANIA,2005,1755560.0,22657782.0,1750988.0,7667114.0,13239680.0,23183924.0,11284717.0,6638401.0,920319.0,1914407.0,241.0,281.0,223.0,267.0,253.0,12449990,587274.2,0.04717065636197298
171,2005_RHODE_ISLAND,RHODE_ISLAND,2005,153596.0,1903472.0,145957.0,747359.0,1010156.0,1790591.0,1023496.0,616544.0,74850.0,20070.0,233.0,272.0,216.0,261.0,245.5,1067916,52286.0,0.04896077968679185
172,2005_SOUTH_CAROLINA,SOUTH_CAROLINA,2005,701176.0,6337711.0,639308.0,2832245.0,2866158.0,6572191.0,3134658.0,1903030.0,342107.0,938347.0,238.0,281.0,213.0,257.0,247.25,4270150,166563.8,0.039006545437513904
173,2005_SOUTH_DAKOTA,SOUTH_DAKOTA,2005,124862.0,1053504.0,176738.0,350316.0,526450.0,1059303.0,539413.0,316892.0,46872.0,124727.0,242.0,287.0,222.0,269.0,255.0,775493,35781.6,0.046140455168518606
174,2005_TENNESSEE,TENNESSEE,2005,940769.0,6806262.0,787269.0,2962151.0,3056842.0,7067521.0,4120045.0,1907907.0,378064.0,483208.0,232.0,271.0,214.0,259.0,244.0,5991057,264652.9,0.04417465899590006
175,2005_TEXAS,TEXAS,2005,4334611.0,37783715.0,4095588.0,13017433.0,20670694.0,40302144.0,18950703.0,10963041.0,1883727.0,5592231.0,242.0,281.0,219.0,258.0,250.0,22778123,1132550.4,0.04972097130215689
176,2005_UTAH,UTAH,2005,488055.0,3181279.0,326400.0,1729443.0,1125436.0,3188018.0,1632553.0,771298.0,241992.0,467720.0,239.0,279.0,221.0,262.0,250.25,2457719,109278.2,0.04446326044596636
177,2005_VERMONT,VERMONT,2005,92819.0,1628681.0,95016.0,1090494.0,443171.0,1634534.0,739981.0,392627.0,36577.0,63280.0,244.0,287.0,227.0,269.0,256.75,621215,26899.5,0.043301433481161916
178,2005_VIRGINIA,VIRGINIA,2005,1203697.0,12182657.0,826830.0,4871813.0,6484014.0,12385157.0,6565022.0,3699703.0,510204.0,1180309.0,240.0,284.0,226.0,268.0,254.5,7577105,415610.6,0.05485084342898772
179,2005_WASHINGTON,WASHINGTON,2005,1019925.0,9141383.0,796450.0,5588494.0,2756439.0,9399603.0,4629347.0,2692637.0,428619.0,1292543.0,242.0,285.0,223.0,265.0,253.75,6257305,343111.9,0.05483381423791872
180,2005_WEST_VIRGINIA,WEST_VIRGINIA,2005,279456.0,2701056.0,329159.0,1607433.0,764464.0,2698703.0,1524187.0,852145.0,174265.0,137026.0,231.0,269.0,215.0,255.0,242.5,1820492,65586.0,0.03602652469771908
181,2005_WISCONSIN,WISCONSIN,2005,869301.0,9584108.0,565072.0,4770290.0,4248746.0,9433502.0,5128207.0,2944041.0,382137.0,472358.0,241.0,285.0,221.0,266.0,253.25,5546166,262068.2,0.04725213778310999
182,2005_WYOMING,WYOMING,2005,84146.0,1132160.0,106484.0,585789.0,439887.0,1033603.0,510498.0,324752.0,29657.0,158464.0,243.0,282.0,223.0,268.0,254.0,514157,33167.3,0.06450811717043628
183,2007_ALABAMA,ALABAMA,2007,743273.0,7069040.0,689072.0,4070949.0,2309019.0,7196459.0,3653466.0,2174210.0,546077.0,687816.0,229.0,266.0,216.0,252.0,240.75,4672840,186499.4,0.039911360115047805
184,2007_ALASKA,ALASKA,2007,132197.0,1800616.0,282270.0,1052357.0,465989.0,1938755.0,927307.0,645857.0,60699.0,257723.0,237.0,283.0,214.0,259.0,248.25,680300,51144.0,0.07517859767749523
185,2007_ARIZONA,ARIZONA,2007,969875.0,8724434.0,953861.0,4204089.0,3566484.0,8709531.0,3977800.0,2656438.0,403069.0,1436673.0,232.0,276.0,210.0,255.0,243.25,6167681,284811.7,0.04617808541005931
186,2007_ARKANSAS,ARKANSAS,2007,474532.0,4415981.0,483689.0,3319030.0,613262.0,4779308.0,2337748.0,1378576.0,450454.0,470562.0,238.0,274.0,217.0,258.0,246.75,2848650,106272.5,0.0373062678812771
187,2007_CALIFORNIA,CALIFORNIA,2007,6288686.0,72516936.0,7200298.0,42333637.0,22983001.0,73225422.0,34685013.0,20655194.0,3467540.0,10058842.0,230.0,270.0,209.0,251.0,240.0,36250311,2103014.8,0.058013703661742376
188,2007_COLORADO,COLORADO,2007,790211.0,7689014.0,529854.0,3307016.0,3852144.0,8039146.0,3782300.0,2483095.0,286754.0,1083411.0,240.0,286.0,224.0,266.0,254.0,4803868,264664.5,0.055094040885386525
189,2007_CONNECTICUT,CONNECTICUT,2007,549230.0,8913149.0,386553.0,3299175.0,5227421.0,8685421.0,4610572.0,2503468.0,311943.0,913165.0,243.0,282.0,227.0,267.0,254.75,3527270,260993.1,0.07399294638629876
190,2007_DELAWARE,DELAWARE,2007,114678.0,1694929.0,102114.0,1071957.0,520858.0,1705204.0,825084.0,481610.0,68343.0,245757.0,242.0,283.0,225.0,265.0,253.75,871749,61229.4,0.07023741925714856
191,2007_FLORIDA,FLORIDA,2007,2656176.0,28898362.0,2489027.0,11578932.0,14830403.0,29849892.0,13476109.0,8136539.0,1515095.0,5992654.0,242.0,277.0,224.0,260.0,250.75,18367842,835637.2,0.04549457688061559
192,2007_GEORGIA,GEORGIA,2007,1628409.0,17755989.0,1475463.0,7907177.0,8373349.0,17389530.0,9507096.0,4672304.0,757339.0,2271958.0,235.0,275.0,219.0,259.0,247.0,9349988,452706.7,0.048417891017614144
193,2007_HAWAII,HAWAII,2007,180728.0,2985593.0,256696.0,2681049.0,47848.0,2199604.0,1177781.0,732536.0,151243.0,138044.0,234.0,269.0,213.0,251.0,241.75,1315675,71179.7,0.05410127881125658
194,2007_IDAHO,IDAHO,2007,262935.0,2011951.0,202977.0,1338182.0,470792.0,1960472.0,1069134.0,590192.0,86738.0,163583.0,241.0,284.0,223.0,265.0,253.25,1505105,58716.6,0.03901163041781138
195,2007_ILLINOIS,ILLINOIS,2007,2101075.0,23897153.0,1862627.0,7566377.0,14468149.0,23401917.0,11692204.0,7509591.0,834000.0,2082140.0,237.0,280.0,219.0,263.0,249.75,12695866,712910.5,0.05615296349221077
196,2007_INDIANA,INDIANA,2007,1034588.0,10458932.0,765168.0,5224450.0,4469314.0,11462062.0,5511104.0,3351081.0,448190.0,887670.0,245.0,285.0,222.0,264.0,254.0,6379599,299415.9,0.04693334173511533
197,2007_IOWA,IOWA,2007,483122.0,5194536.0,390585.0,2279228.0,2524723.0,5198975.0,2557629.0,1480218.0,221002.0,647628.0,243.0,285.0,225.0,267.0,255.0,2999212,152466.2,0.050835419436838745
198,2007_KANSAS,KANSAS,2007,468974.0,5038100.0,346441.0,2889107.0,1802552.0,4823931.0,2602503.0,1418802.0,199749.0,427238.0,248.0,290.0,225.0,267.0,257.5,2783785,135574.4,0.048701462217807766
199,2007_KENTUCKY,KENTUCKY,2007,646360.0,6226696.0,677570.0,3557084.0,1992042.0,6351636.0,3184235.0,1877438.0,371495.0,755710.0,235.0,279.0,222.0,262.0,249.5,4256672,171850.3,0.04037198543838942
200,2007_LOUISIANA,LOUISIANA,2007,662302.0,7048732.0,1234006.0,2911249.0,2903477.0,6657341.0,3430268.0,2140586.0,363037.0,618284.0,230.0,272.0,207.0,253.0,240.5,4375581,234521.9,0.05359788791477063
201,2007_MAINE,MAINE,2007,193539.0,2538161.0,198101.0,1081891.0,1258169.0,2501127.0,1459635.0,710785.0,111153.0,91361.0,242.0,286.0,226.0,270.0,256.0,1327040,54017.1,0.040704952375211
202,2007_MARYLAND,MARYLAND,2007,851640.0,11674965.0,661677.0,4684827.0,6328461.0,11541225.0,6031042.0,3503877.0,474728.0,1170502.0,240.0,286.0,225.0,265.0,254.0,5653408,311951.5,0.05517937145169781
203,2007_MASSACHUSETTS,MASSACHUSETTS,2007,945070.0,14407777.0,754202.0,6485380.0,7168195.0,14315518.0,8053653.0,4248353.0,422102.0,951016.0,252.0,298.0,236.0,273.0,264.75,6431559,408524.9,0.06351879847483324
204,2007_MICHIGAN,MICHIGAN,2007,1686473.0,20576110.0,1541818.0,11383198.0,7651094.0,19839838.0,9608836.0,6721838.0,871870.0,1629007.0,238.0,277.0,220.0,260.0,248.75,10001284,441120.4,0.04410637674122643
205,2007_MINNESOTA,MINNESOTA,2007,810104.0,9693509.0,546297.0,6267386.0,2879826.0,10030105.0,5048143.0,2405182.0,730882.0,1074228.0,247.0,292.0,225.0,268.0,258.0,5207203,283857.8,0.054512528126904214
206,2007_MISSISSIPPI,MISSISSIPPI,2007,494135.0,4220926.0,712846.0,2214700.0,1293380.0,4158733.0,2160396.0,1296685.0,251539.0,379581.0,228.0,265.0,208.0,250.0,237.75,2928350,100386.4,0.03428087489541892
207,2007_MISSOURI,MISSOURI,2007,910142.0,8908844.0,730811.0,3641310.0,4536723.0,9245525.0,4743390.0,2738098.0,485391.0,925265.0,239.0,281.0,221.0,263.0,251.0,5887612,264552.9,0.04493382036723888
208,2007_MONTANA,MONTANA,2007,144258.0,1474306.0,190631.0,702476.0,581199.0,1442434.0,793711.0,463422.0,58824.0,100592.0,244.0,287.0,227.0,271.0,257.25,964706,40401.9,0.041880013185364245
209,2007_NEBRASKA,NEBRASKA,2007,287135.0,3234014.0,298196.0,992032.0,1943786.0,3117931.0,1673992.0,845739.0,131267.0,378827.0,238.0,284.0,223.0,267.0,253.0,1783440,93581.2,0.05247230072219979
210,2007_NEVADA,NEVADA,2007,422782.0,4006081.0,277849.0,2266751.0,1461481.0,4346371.0,2047045.0,1216122.0,139918.0,731227.0,232.0,271.0,211.0,252.0,241.5,2601072,144315.1,0.05548293165279546
211,2007_NEW_HAMPSHIRE,NEW_HAMPSHIRE,2007,198625.0,2600123.0,137058.0,936882.0,1526183.0,2608190.0,1395619.0,733978.0,70608.0,208008.0,249.0,288.0,229.0,270.0,259.0,1312540,65674.6,0.05003626556143052
212,2007_NEW_JERSEY,NEW_JERSEY,2007,1363804.0,25293076.0,991769.0,10101279.0,14200028.0,25572112.0,13250745.0,8316185.0,868012.0,1997462.0,249.0,289.0,231.0,270.0,259.75,8677885,526661.0,0.06069001836276927
213,2007_NEW_MEXICO,NEW_MEXICO,2007,327816.0,3272953.0,444466.0,2360542.0,467945.0,3279467.0,1610295.0,1103097.0,119933.0,396529.0,228.0,268.0,212.0,251.0,239.75,1990070,86474.5,0.04345299411578487
214,2007_NEW_YORK,NEW_YORK,2007,2754976.0,50762544.0,3269310.0,22845772.0,24647462.0,51253984.0,31465706.0,12638159.0,1318628.0,4216048.0,243.0,280.0,224.0,264.0,252.75,19132335,1203502.8,0.06290412539818062
215,2007_NORTH_CAROLINA,NORTH_CAROLINA,2007,1416028.0,13063307.0,1184934.0,7481148.0,4397225.0,12794086.0,6987589.0,3582953.0,642597.0,1166854.0,242.0,284.0,218.0,259.0,250.75,9118037,436767.3,0.047901461685228956
216,2007_NORTH_DAKOTA,NORTH_DAKOTA,2007,96577.0,1045678.0,150165.0,355662.0,539851.0,1042175.0,523778.0,283833.0,69691.0,90844.0,245.0,292.0,226.0,268.0,257.75,652822,31790.4,0.048696888278887664
217,2007_OHIO,OHIO,2007,1758645.0,22142424.0,1461326.0,9341723.0,11339375.0,21336580.0,10202242.0,6930905.0,876199.0,2595974.0,245.0,285.0,226.0,268.0,256.0,11500468,541676.4,0.0471003788715381
218,2007_OKLAHOMA,OKLAHOMA,2007,639032.0,5491931.0,650579.0,2782356.0,2058996.0,5505213.0,2688963.0,1732136.0,526547.0,502002.0,237.0,275.0,217.0,260.0,247.25,3634349,155335.4,0.042740914535175346
219,2007_OREGON,OREGON,2007,559643.0,5648586.0,526411.0,2908595.0,2213580.0,5634955.0,2999104.0,1908603.0,199410.0,293730.0,236.0,284.0,215.0,266.0,250.25,3722417,171016.6,0.04594235412099182
220,2007_PENNSYLVANIA,PENNSYLVANIA,2007,1760451.0,25334577.0,1821479.0,8593421.0,14919677.0,25627083.0,11994620.0,7333616.0,1022492.0,2533079.0,244.0,286.0,226.0,268.0,256.0,12563937,610285.2,0.04857436009110838
221,2007_RHODE_ISLAND,RHODE_ISLAND,2007,147861.0,2100679.0,165167.0,817792.0,1117720.0,2082332.0,1177636.0,731694.0,85397.0,20234.0,236.0,275.0,219.0,258.0,247.0,1057315,51994.2,0.0491756950388484
222,2007_SOUTH_CAROLINA,SOUTH_CAROLINA,2007,701580.0,7130274.0,680718.0,3120416.0,3329140.0,7660995.0,3481608.0,2157719.0,384965.0,1290372.0,237.0,282.0,214.0,257.0,247.5,4444110,174793.1,0.03933140718839093
223,2007_SOUTH_DAKOTA,SOUTH_DAKOTA,2007,121158.0,1136570.0,174096.0,371645.0,590829.0,1096568.0,573916.0,335382.0,50283.0,105370.0,241.0,288.0,223.0,270.0,255.5,791623,38204.1,0.048260472472376366
224,2007_TENNESSEE,TENNESSEE,2007,978084.0,7617488.0,805633.0,3342186.0,3469669.0,7817659.0,4473035.0,2144367.0,414587.0,593354.0,233.0,274.0,216.0,259.0,245.5,6175727,268668.2,0.04350389840742637
225,2007_TEXAS,TEXAS,2007,4513835.0,44355326.0,4423644.0,15952564.0,23979118.0,45920825.0,21061312.0,12451077.0,2073350.0,6654163.0,242.0,286.0,220.0,261.0,252.25,23831983,1273882.1,0.05345262708520731
226,2007_UTAH,UTAH,2007,504079.0,3656090.0,343915.0,1977900.0,1334275.0,3618540.0,1816456.0,871613.0,266481.0,579188.0,239.0,281.0,221.0,262.0,250.75,2597746,124508.8,0.04792955123403135
227,2007_VERMONT,VERMONT,2007,89329.0,1836316.0,97086.0,1237083.0,502147.0,1804519.0,800453.0,439237.0,41603.0,70359.0,246.0,291.0,228.0,273.0,259.5,623481,26793.2,0.04297356294738733
228,2007_VIRGINIA,VIRGINIA,2007,1220440.0,14176385.0,890144.0,5796043.0,7490198.0,14700853.0,7630837.0,4338027.0,573603.0,1473546.0,244.0,288.0,227.0,267.0,256.5,7751000,426911.6,0.055078260869565215
229,2007_WASHINGTON,WASHINGTON,2007,1026121.0,10350748.0,801339.0,6339782.0,3209627.0,10682397.0,5148806.0,3028183.0,463389.0,1624443.0,243.0,285.0,224.0,265.0,254.25,6461587,378291.5,0.05854467331322785
230,2007_WEST_VIRGINIA,WEST_VIRGINIA,2007,281298.0,2905489.0,353571.0,1677212.0,874706.0,2983267.0,1608247.0,941055.0,189649.0,228873.0,236.0,270.0,215.0,255.0,244.0,1834052,66512.3,0.036265220397240644
231,2007_WISCONSIN,WISCONSIN,2007,870584.0,10154985.0,574090.0,5175386.0,4405509.0,9988878.0,5459295.0,3147269.0,420699.0,467948.0,244.0,286.0,223.0,264.0,254.25,5610775,268050.3,0.047774202316079324
232,2007_WYOMING,WYOMING,2007,85034.0,1477891.0,111051.0,722364.0,644476.0,1390344.0,661713.0,428613.0,42353.0,246698.0,244.0,287.0,225.0,266.0,255.5,534876,40344.4,0.0754275757371802
233,2009_ALABAMA,ALABAMA,2009,745668.0,7186390.0,728795.0,4161103.0,2296492.0,7815467.0,3836398.0,2331552.0,561019.0,924956.0,228.0,269.0,216.0,255.0,242.0,4757938,178893.4,0.037598934664554266
234,2009_ALASKA,ALASKA,2009,130236.0,2158970.0,312667.0,1357747.0,488556.0,2396412.0,1129756.0,832783.0,70835.0,303165.0,237.0,283.0,211.0,259.0,247.5,698895,55910.6,0.07999856916990392
235,2009_ARIZONA,ARIZONA,2009,981303.0,8802515.0,1044140.0,3806064.0,3952311.0,9580393.0,4296503.0,2983729.0,455403.0,1312659.0,230.0,277.0,210.0,258.0,243.75,6343154,254906.9,0.04018614399082854
236,2009_ARKANSAS,ARKANSAS,2009,474423.0,4753142.0,534510.0,3530487.0,688145.0,5017352.0,2417974.0,1492691.0,533057.0,409763.0,238.0,276.0,216.0,258.0,247.0,2896843,102513.5,0.03538800687507055
237,2009_CALIFORNIA,CALIFORNIA,2009,6234155.0,73958896.0,9745250.0,40084244.0,24129402.0,74766086.0,35617964.0,21693675.0,3759373.0,8881265.0,232.0,270.0,210.0,253.0,241.25,36961229,2025633.2,0.0548042707129679
238,2009_COLORADO,COLORADO,2009,812068.0,8310673.0,560538.0,3634018.0,4116117.0,8682489.0,4108304.0,2708535.0,330128.0,1035058.0,243.0,287.0,226.0,266.0,255.5,4972195,262463.3,0.05278620408089385
239,2009_CONNECTICUT,CONNECTICUT,2009,539250.0,9681268.0,403017.0,3606594.0,5671657.0,9323053.0,5054397.0,2805173.0,330685.0,763075.0,245.0,289.0,229.0,272.0,258.75,3561807,248612.1,0.06979943045763008
240,2009_DELAWARE,DELAWARE,2009,116804.0,1718993.0,109682.0,1047418.0,561893.0,1798244.0,877678.0,496383.0,80812.0,254460.0,239.0,284.0,226.0,265.0,253.5,891730,60847.4,0.06823522815201911
241,2009_FLORIDA,FLORIDA,2009,2623067.0,26494500.0,2694566.0,9047586.0,14752348.0,28867429.0,13884278.0,8067350.0,1546420.0,4533913.0,242.0,279.0,226.0,264.0,252.75,18652644,759432.2,0.04071445313597364
242,2009_GEORGIA,GEORGIA,2009,1649598.0,17972839.0,1644548.0,7739086.0,8589205.0,19025136.0,10063924.0,5135180.0,837062.0,2712073.0,236.0,278.0,218.0,260.0,248.0,9620846,425155.8,0.044191103360348975
243,2009_HAWAII,HAWAII,2009,179478.0,2689758.0,392837.0,2205032.0,91889.0,2318671.0,1402305.0,718309.0,129473.0,68584.0,236.0,274.0,211.0,255.0,244.0,1346717,69122.5,0.05132667071106996
244,2009_IDAHO,IDAHO,2009,267951.0,2182273.0,218777.0,1459554.0,503942.0,2078446.0,1157633.0,646213.0,100576.0,111190.0,241.0,287.0,221.0,265.0,253.5,1554439,57073.0,0.036716140035086615
245,2009_ILLINOIS,ILLINOIS,2009,2117291.0,26987426.0,3346509.0,7879160.0,15761757.0,27716187.0,13520105.0,8764971.0,932950.0,2884993.0,238.0,282.0,219.0,265.0,251.0,12796778,683432.0,0.05340656843464816
246,2009_INDIANA,INDIANA,2009,1028259.0,12999357.0,1403839.0,5804809.0,5790709.0,11218398.0,5548292.0,3681825.0,476598.0,899628.0,243.0,287.0,223.0,266.0,254.75,6459325,277763.6,0.04300195453859342
247,2009_IOWA,IOWA,2009,487559.0,5732319.0,431142.0,2545353.0,2755824.0,5732186.0,2914176.0,1615189.0,225983.0,672339.0,243.0,284.0,221.0,265.0,253.25,3032870,146223.6,0.04821294681275492
248,2009_KANSAS,KANSAS,2009,470445.0,5615208.0,378810.0,3291485.0,1944913.0,5827751.0,2883104.0,1578417.0,223951.0,958961.0,245.0,289.0,224.0,267.0,256.25,2832704,133743.4,0.04721404001265222
249,2009_KENTUCKY,KENTUCKY,2009,669858.0,6706922.0,719997.0,3870440.0,2116485.0,6831006.0,3468191.0,2050683.0,411529.0,720114.0,239.0,279.0,226.0,267.0,252.75,4317074,165300.6,0.03828996213639146
250,2009_LOUISIANA,LOUISIANA,2009,662774.0,7984550.0,1238259.0,3568903.0,3177388.0,8053960.0,4051985.0,2542723.0,408292.0,824390.0,229.0,272.0,207.0,253.0,240.25,4491648,238921.7,0.053192436272833495
251,2009_MAINE,MAINE,2009,187372.0,2623127.0,245063.0,1107152.0,1270912.0,2624504.0,1383650.0,857706.0,148378.0,108016.0,244.0,286.0,224.0,268.0,255.5,1329590,53075.6,0.03991877195225596
252,2009_MARYLAND,MARYLAND,2009,843781.0,13147931.0,694846.0,5697257.0,6755828.0,12757599.0,6899346.0,3984072.0,490336.0,961161.0,244.0,288.0,226.0,267.0,256.25,5730388,314737.4,0.05492427388860929
253,2009_MASSACHUSETTS,MASSACHUSETTS,2009,932437.0,15298022.0,1181681.0,5974489.0,8141852.0,15174814.0,8885949.0,4626112.0,456737.0,589413.0,252.0,299.0,234.0,274.0,264.75,6517613,408071.6,0.06261059071779806
254,2009_MICHIGAN,MICHIGAN,2009,1537515.0,19616665.0,2094714.0,10130740.0,7391211.0,19992550.0,9422685.0,6354021.0,865858.0,1280455.0,236.0,278.0,218.0,262.0,248.5,9901591,380048.2,0.038382538725342225
255,2009_MINNESOTA,MINNESOTA,2009,800831.0,10353784.0,575703.0,6590788.0,3187293.0,11193640.0,5815987.0,2712430.0,803017.0,1187008.0,249.0,294.0,223.0,270.0,259.0,5281203,276033.2,0.05226710656643951
256,2009_MISSISSIPPI,MISSISSIPPI,2009,491194.0,4392101.0,675576.0,2334363.0,1382162.0,4552756.0,2317710.0,1392119.0,275915.0,493773.0,227.0,265.0,211.0,251.0,238.5,2958774,99784.7,0.03372501583426108
257,2009_MISSOURI,MISSOURI,2009,893807.0,9472520.0,758650.0,3927189.0,4786681.0,10227305.0,5175127.0,3023041.0,535977.0,1120105.0,241.0,286.0,224.0,267.0,254.5,5961088,264872.5,0.0444335832653368
258,2009_MONTANA,MONTANA,2009,141782.0,1607935.0,195705.0,765177.0,647053.0,1622485.0,855803.0,509899.0,66973.0,158151.0,244.0,292.0,225.0,270.0,257.75,983982,39388.1,0.040029289153663376
259,2009_NEBRASKA,NEBRASKA,2009,292161.0,3522481.0,297732.0,1182776.0,2041973.0,3523803.0,1887427.0,905681.0,144995.0,488293.0,239.0,284.0,223.0,267.0,253.25,1812683,94343.4,0.05204627615529025
260,2009_NEVADA,NEVADA,2009,430985.0,4442101.0,425133.0,2272415.0,1744553.0,4577881.0,2145779.0,1364083.0,142194.0,633545.0,235.0,274.0,211.0,254.0,243.5,2684665,127108.7,0.047346205206236155
261,2009_NEW_HAMPSHIRE,NEW_HAMPSHIRE,2009,197024.0,2816162.0,146867.0,1002239.0,1667056.0,2757401.0,1546316.0,822081.0,74820.0,112359.0,251.0,292.0,229.0,271.0,260.75,1316102,64419.6,0.048947270044419046
262,2009_NEW_JERSEY,NEW_JERSEY,2009,1354912.0,26510413.0,1014556.0,10401527.0,15094330.0,26145334.0,13800343.0,8687138.0,952796.0,1499241.0,247.0,293.0,229.0,273.0,260.5,8755602,510832.5,0.05834350396466171
263,2009_NEW_MEXICO,NEW_MEXICO,2009,328737.0,3703477.0,519973.0,2615320.0,568184.0,3945515.0,1807514.0,1167618.0,132017.0,784529.0,230.0,270.0,208.0,254.0,240.5,2036802,87636.8,0.043026666313171334
264,2009_NEW_YORK,NEW_YORK,2009,2696688.0,55885116.0,3197833.0,25768345.0,26918938.0,57851481.0,35195372.0,14079990.0,1415237.0,5463718.0,241.0,283.0,224.0,264.0,253.0,19307066,1221256.0,0.06325435464922531
265,2009_NORTH_CAROLINA,NORTH_CAROLINA,2009,1452064.0,15410564.0,1377661.0,8229140.0,5803763.0,14868070.0,7943541.0,3848021.0,751609.0,1647148.0,244.0,284.0,219.0,260.0,251.75,9449566,427493.8,0.045239516820137556
266,2009_NORTH_DAKOTA,NORTH_DAKOTA,2009,94653.0,1150142.0,160294.0,407374.0,582474.0,1137260.0,579830.0,310316.0,78735.0,95977.0,245.0,293.0,226.0,269.0,258.25,664968,35297.2,0.05308105051671659
267,2009_OHIO,OHIO,2009,1729072.0,22779344.0,1531263.0,10226228.0,11021853.0,22427481.0,10734314.0,7347959.0,929409.0,2552105.0,244.0,286.0,225.0,269.0,256.0,11528896,506691.3,0.04394968087143817
268,2009_OKLAHOMA,OKLAHOMA,2009,644549.0,6029807.0,768972.0,3014993.0,2245842.0,5941799.0,2836912.0,1895590.0,577867.0,568720.0,237.0,276.0,217.0,259.0,247.25,3717572,159371.6,0.04286980857398324
269,2009_OREGON,OREGON,2009,560726.0,6158756.0,656298.0,3117315.0,2385143.0,6715011.0,3291310.0,2121378.0,214699.0,803096.0,238.0,285.0,218.0,265.0,251.5,3808600,166581.6,0.04373827653205903
270,2009_PENNSYLVANIA,PENNSYLVANIA,2009,1687145.0,26755585.0,1811141.0,9858461.0,15085983.0,27328680.0,12803821.0,7637090.0,1155635.0,2411908.0,244.0,288.0,224.0,271.0,256.75,12666858,605016.9,0.04776377062093852
271,2009_RHODE_ISLAND,RHODE_ISLAND,2009,141521.0,2179714.0,206225.0,765069.0,1208420.0,2171376.0,1224158.0,773039.0,90493.0,24161.0,239.0,278.0,223.0,260.0,250.0,1053646,50217.3,0.047660504571744214
272,2009_SOUTH_CAROLINA,SOUTH_CAROLINA,2009,714290.0,7669733.0,734602.0,3654658.0,3280473.0,8427391.0,3854229.0,2463391.0,398422.0,1318784.0,236.0,280.0,216.0,257.0,247.25,4589872,166930.9,0.03636940202254006
273,2009_SOUTH_DAKOTA,SOUTH_DAKOTA,2009,126624.0,1258876.0,201889.0,412798.0,644189.0,1273527.0,645912.0,379946.0,56772.0,154459.0,242.0,291.0,222.0,270.0,256.25,807067,39891.4,0.04942761877266696
274,2009_TENNESSEE,TENNESSEE,2009,971484.0,8112895.0,870374.0,3800870.0,3441651.0,8611178.0,4809809.0,2480290.0,461464.0,652210.0,232.0,275.0,217.0,261.0,246.25,6306019,262836.7,0.041680289894464324
275,2009_TEXAS,TEXAS,2009,4647205.0,48087531.0,4913841.0,19708771.0,23464919.0,53575273.0,23895853.0,13799383.0,2289408.0,9297597.0,240.0,287.0,219.0,260.0,251.5,24801761,1270964.6,0.0512449337770814
276,2009_UTAH,UTAH,2009,532433.0,4238943.0,535223.0,2224007.0,1479713.0,4419750.0,2169434.0,1008636.0,310325.0,821593.0,240.0,284.0,219.0,266.0,252.25,2723421,120997.5,0.044428496365416875
277,2009_VERMONT,VERMONT,2009,86320.0,1683034.0,102453.0,1336424.0,244157.0,1661019.0,859433.0,489015.0,49100.0,64170.0,248.0,293.0,229.0,272.0,260.5,624817,26999.5,0.04321185243039162
278,2009_VIRGINIA,VIRGINIA,2009,1235064.0,15251481.0,914507.0,6317714.0,8019260.0,15510318.0,8194237.0,4813706.0,574858.0,1418914.0,243.0,286.0,227.0,266.0,255.5,7925937,426182.7,0.05377063935784501
279,2009_WASHINGTON,WASHINGTON,2009,1035907.0,12025012.0,1385421.0,7146416.0,3493175.0,12240632.0,5984072.0,3464921.0,509407.0,1818982.0,242.0,289.0,221.0,267.0,254.75,6667426,372813.1,0.05591559621359127
280,2009_WEST_VIRGINIA,WEST_VIRGINIA,2009,281908.0,3097212.0,355325.0,1793917.0,947970.0,3121728.0,1759397.0,994305.0,196984.0,157049.0,233.0,270.0,215.0,255.0,243.25,1847775,67646.4,0.03660965214920647
281,2009_WISCONSIN,WISCONSIN,2009,867035.0,10991081.0,1258519.0,4785070.0,4947492.0,10880480.0,5857285.0,3382519.0,473295.0,648807.0,244.0,288.0,220.0,266.0,254.5,5669264,257125.0,0.0453542117636434
282,2009_WYOMING,WYOMING,2009,86971.0,1675761.0,108333.0,945765.0,621663.0,1658156.0,744877.0,482641.0,47165.0,372507.0,242.0,286.0,223.0,268.0,254.75,559851,41428.9,0.07399986782197407
283,2011_ALABAMA,ALABAMA,2011,746933.0,7376725.0,1077070.0,3965614.0,2334041.0,7411768.0,3844055.0,2295909.0,559140.0,564183.0,231.0,269.0,220.0,258.0,244.5,4799069,185666.9,0.038688108047623404
284,2011_ALASKA,ALASKA,2011,131704.0,2357828.0,420152.0,1416163.0,521513.0,2443898.0,1215062.0,908567.0,81031.0,180137.0,236.0,283.0,208.0,261.0,247.0,722128,54722.6,0.07577964017459508
285,2011_ARIZONA,ARIZONA,2011,946571.0,8429186.0,1245814.0,3054501.0,4128871.0,8610417.0,3977772.0,2935127.0,350633.0,741124.0,235.0,279.0,212.0,260.0,246.5,6472643,263144.1,0.040654814424339485
286,2011_ARKANSAS,ARKANSAS,2011,475551.0,5176362.0,827026.0,3701224.0,648112.0,5669431.0,2559292.0,1655684.0,676591.0,605857.0,238.0,279.0,217.0,259.0,248.25,2940667,107320.6,0.03649532572032128
287,2011_CALIFORNIA,CALIFORNIA,2011,6202604.0,70953331.0,9990221.0,37752712.0,23210398.0,69847705.0,34225248.0,20266047.0,3486160.0,6523770.0,234.0,273.0,211.0,255.0,243.25,37638369,2090836.8,0.05555067489773534
288,2011_COLORADO,COLORADO,2011,834832.0,8747471.0,969288.0,3493923.0,4284260.0,8676451.0,4204486.0,2804955.0,338267.0,827354.0,244.0,292.0,223.0,271.0,257.5,5121108,268553.4,0.0524404874882545
289,2011_CONNECTICUT,CONNECTICUT,2011,530132.0,9783168.0,796156.0,3185501.0,5801511.0,9439182.0,5363942.0,2844490.0,333756.0,516116.0,242.0,287.0,227.0,275.0,257.75,3588283,242323.3,0.06753182510966944
290,2011_DELAWARE,DELAWARE,2011,119878.0,1759170.0,192182.0,1010026.0,556962.0,1808905.0,964284.0,497158.0,89576.0,182497.0,240.0,283.0,225.0,266.0,253.5,907381,62501.4,0.06888109845808982
291,2011_FLORIDA,FLORIDA,2011,2636404.0,26453693.0,4710376.0,9069119.0,12674198.0,26991946.0,14284224.0,8077593.0,1637138.0,2217069.0,240.0,278.0,225.0,262.0,251.25,19053237,763484.1,0.04007109658059678
292,2011_GEORGIA,GEORGIA,2011,1666039.0,18030043.0,2267161.0,7492489.0,8270393.0,17187481.0,9671343.0,5005101.0,874605.0,1368395.0,238.0,278.0,221.0,262.0,249.75,9802431,438060.2,0.0446889348162716
293,2011_HAWAII,HAWAII,2011,179601.0,2499513.0,347363.0,2088870.0,63280.0,2259104.0,1253534.0,786284.0,133810.0,85476.0,239.0,278.0,214.0,257.0,247.0,1379329,72236.3,0.05237060918751074
294,2011_IDAHO,IDAHO,2011,265713.0,2089982.0,292602.0,1320153.0,477227.0,1960818.0,1104553.0,613667.0,98963.0,83524.0,240.0,287.0,221.0,268.0,254.0,1583910,57825.3,0.036507945527207986
295,2011_ILLINOIS,ILLINOIS,2011,2072114.0,29507584.0,2894897.0,10030682.0,16582005.0,28525858.0,14636402.0,9271610.0,922651.0,1884866.0,239.0,283.0,219.0,266.0,251.75,12867454,706705.2,0.054921913845582815
296,2011_INDIANA,INDIANA,2011,1023220.0,12125155.0,1024389.0,7340384.0,3760382.0,11113533.0,5609296.0,3548729.0,500684.0,843671.0,244.0,285.0,221.0,265.0,253.75,6516528,296674.3,0.045526436777375924
297,2011_IOWA,IOWA,2011,493493.0,6098470.0,596688.0,2537754.0,2964028.0,6057294.0,2995991.0,1638449.0,230237.0,861361.0,243.0,285.0,221.0,265.0,253.5,3066336,152153.2,0.04962052430001148
298,2011_KANSAS,KANSAS,2011,482692.0,5538869.0,612100.0,2945175.0,1981594.0,5662146.0,2839803.0,1530694.0,220493.0,851777.0,246.0,290.0,224.0,267.0,256.75,2869225,138782.0,0.04836915891922035
299,2011_KENTUCKY,KENTUCKY,2011,672958.0,7104589.0,1164688.0,3704150.0,2235751.0,7253850.0,3663998.0,2238626.0,426989.0,733357.0,241.0,282.0,225.0,269.0,254.25,4369821,174202.7,0.03986495098998335
300,2011_LOUISIANA,LOUISIANA,2011,665109.0,8022917.0,1497262.0,3269321.0,3256334.0,8218870.0,4162557.0,2582814.0,406798.0,809639.0,231.0,273.0,210.0,255.0,242.25,4575625,234299.7,0.05120605381778446
301,2011_MAINE,MAINE,2011,186835.0,2654366.0,289290.0,1043281.0,1321795.0,2728535.0,1431522.0,874220.0,145034.0,164850.0,244.0,289.0,222.0,270.0,256.25,1328284,53088.2,0.03996750694881516
302,2011_MARYLAND,MARYLAND,2011,851971.0,13443940.0,1255964.0,5508339.0,6679637.0,13247697.0,7205515.0,4150447.0,482356.0,989839.0,247.0,288.0,231.0,271.0,259.25,5839419,333963.8,0.05719127193989676
303,2011_MASSACHUSETTS,MASSACHUSETTS,2011,924903.0,15396681.0,1197383.0,5783240.0,8416058.0,15150898.0,8685894.0,4583586.0,445972.0,817228.0,253.0,299.0,237.0,275.0,266.0,6613583,435158.0,0.06579761681376041
304,2011_MICHIGAN,MICHIGAN,2011,1455966.0,19374026.0,2525528.0,9845508.0,7002990.0,18469948.0,9198775.0,6024406.0,862583.0,1273466.0,236.0,280.0,219.0,265.0,250.0,9882412,411427.2,0.0416322654833658
305,2011_MINNESOTA,MINNESOTA,2011,798891.0,10912368.0,842906.0,6289912.0,3779550.0,10612480.0,5644771.0,2520057.0,805204.0,1016875.0,249.0,295.0,222.0,270.0,259.0,5346143,292275.1,0.05467027350372034
306,2011_MISSISSIPPI,MISSISSIPPI,2011,490526.0,4516742.0,1006465.0,2071467.0,1438810.0,4345783.0,2238165.0,1393211.0,274243.0,368906.0,230.0,269.0,209.0,254.0,240.5,2978731,98765.3,0.03315683759292128
307,2011_MISSOURI,MISSOURI,2011,896702.0,9915356.0,1344755.0,3828396.0,4742205.0,9842505.0,5100879.0,2975252.0,531640.0,849819.0,240.0,282.0,220.0,267.0,252.25,6010275,266254.6,0.04429990308263765
308,2011_MONTANA,MONTANA,2011,141529.0,1631810.0,264517.0,713642.0,653651.0,1655584.0,902615.0,540180.0,72488.0,103728.0,244.0,293.0,225.0,273.0,258.75,997316,41511.3,0.04162301617541481
309,2011_NEBRASKA,NEBRASKA,2011,297659.0,3879388.0,571969.0,1153077.0,2154342.0,3676326.0,2101943.0,951912.0,171112.0,349683.0,240.0,283.0,223.0,268.0,253.5,1840672,102685.1,0.05578674527563847
310,2011_NEVADA,NEVADA,2011,429610.0,4146577.0,447002.0,2359671.0,1339904.0,4258855.0,2161550.0,1377125.0,149940.0,323746.0,237.0,278.0,213.0,258.0,246.5,2712730,129748.1,0.04782934534583243
311,2011_NEW_HAMPSHIRE,NEW_HAMPSHIRE,2011,189275.0,2947007.0,184768.0,1061011.0,1701228.0,3001244.0,1654129.0,855476.0,77384.0,206241.0,252.0,292.0,230.0,272.0,261.5,1320202,66859.3,0.05064323489890184
312,2011_NEW_JERSEY,NEW_JERSEY,2011,1399409.0,26242376.0,1283994.0,9331426.0,15626956.0,25716298.0,14113108.0,8634990.0,909456.0,917304.0,248.0,294.0,231.0,275.0,262.0,8828117,510773.3,0.0578575589788853
313,2011_NEW_MEXICO,NEW_MEXICO,2011,331373.0,3591330.0,636436.0,2355210.0,599684.0,3694437.0,1744548.0,1124390.0,140296.0,616478.0,233.0,274.0,208.0,256.0,242.75,2080450,87225.0,0.04192602561945733
314,2011_NEW_YORK,NEW_YORK,2011,2677412.0,57753776.0,5118477.0,23188002.0,29447297.0,59446908.0,37834196.0,14460678.0,1416793.0,4653802.0,238.0,280.0,222.0,266.0,251.5,19499241,1270516.7,0.06515723868431597
315,2011_NORTH_CAROLINA,NORTH_CAROLINA,2011,1448117.0,14409515.0,2046954.0,7488570.0,4873991.0,13767024.0,7566249.0,3843709.0,696313.0,980517.0,245.0,286.0,221.0,263.0,253.75,9657592,438423.4,0.04539676142872882
316,2011_NORTH_DAKOTA,NORTH_DAKOTA,2011,96255.0,1309044.0,186844.0,630430.0,491770.0,1312226.0,660944.0,360118.0,86352.0,124967.0,245.0,292.0,226.0,269.0,258.0,685225,42208.5,0.061598015250465175
317,2011_OHIO,OHIO,2011,1655534.0,23488657.0,2533882.0,9834235.0,11120540.0,23010396.0,11074360.0,7570565.0,935953.0,2494681.0,244.0,289.0,224.0,268.0,256.25,11544663,536583.2,0.04647889678546701
318,2011_OKLAHOMA,OKLAHOMA,2011,658163.0,5835133.0,968529.0,2741058.0,2125546.0,5644988.0,2866601.0,1814927.0,367172.0,510428.0,237.0,279.0,215.0,260.0,247.75,3788379,165209.7,0.04360960189041276
319,2011_OREGON,OREGON,2011,559631.0,6112484.0,848637.0,2792762.0,2471085.0,6317635.0,3261190.0,2071303.0,224903.0,461979.0,237.0,283.0,216.0,264.0,250.0,3872036,173881.1,0.04490689136154726
320,2011_PENNSYLVANIA,PENNSYLVANIA,2011,1670854.0,28492510.0,3371827.0,9261234.0,15859449.0,28810721.0,13761915.0,7947108.0,1207139.0,2189151.0,246.0,286.0,227.0,268.0,256.75,12745815,630906.6,0.04949911794577279
321,2011_RHODE_ISLAND,RHODE_ISLAND,2011,139157.0,2212352.0,234111.0,768713.0,1209528.0,2198940.0,1260021.0,736651.0,93820.0,43726.0,242.0,283.0,222.0,265.0,253.0,1053649,51262.8,0.04865263479583808
322,2011_SOUTH_CAROLINA,SOUTH_CAROLINA,2011,713511.0,7772777.0,1041572.0,3338715.0,3392490.0,7961448.0,3689782.0,2428477.0,388361.0,1016126.0,237.0,281.0,215.0,260.0,248.25,4671994,174119.1,0.03726869084164064
323,2011_SOUTH_DAKOTA,SOUTH_DAKOTA,2011,125613.0,1297661.0,262395.0,374648.0,660618.0,1350617.0,661519.0,390655.0,59757.0,199636.0,241.0,291.0,220.0,269.0,255.25,823579,42947.2,0.052147031432321606
324,2011_TENNESSEE,TENNESSEE,2011,986382.0,8679893.0,1272825.0,3955476.0,3451592.0,8961443.0,4947165.0,2635217.0,479721.0,661195.0,233.0,274.0,215.0,259.0,245.25,6399291,274626.7,0.04291517607184921
325,2011_TEXAS,TEXAS,2011,4800196.0,51023159.0,7818075.0,19623258.0,23581826.0,52691826.0,25155007.0,14325757.0,2474232.0,6556210.0,241.0,290.0,218.0,261.0,252.5,25645629,1343700.8,0.05239492468677606
326,2011_UTAH,UTAH,2011,545395.0,4141253.0,500782.0,2058112.0,1582359.0,4195916.0,2157337.0,1018548.0,315664.0,592949.0,243.0,283.0,220.0,267.0,253.25,2814384,127216.9,0.04520239597723694
327,2011_VERMONT,VERMONT,2011,86982.0,1686499.0,106823.0,1329172.0,250504.0,1722515.0,888388.0,511825.0,53418.0,63655.0,247.0,294.0,227.0,274.0,260.5,627049,28732.9,0.04582241579206729
328,2011_VIRGINIA,VIRGINIA,2011,1250852.0,14655345.0,1427301.0,5351177.0,7876867.0,14675815.0,7861076.0,4602566.0,579290.0,1075067.0,245.0,289.0,226.0,267.0,256.75,8101155,442260.6,0.05459228961796188
329,2011_WASHINGTON,WASHINGTON,2011,1042979.0,11905941.0,1367629.0,6758505.0,3779807.0,11928408.0,6007184.0,3427282.0,514227.0,1467334.0,243.0,288.0,221.0,268.0,255.0,6826627,388099.0,0.05685076978718773
330,2011_WEST_VIRGINIA,WEST_VIRGINIA,2011,282130.0,3475642.0,510256.0,1927726.0,1037660.0,3670119.0,2010407.0,1160212.0,211866.0,269242.0,235.0,273.0,214.0,256.0,244.5,1856301,69577.2,0.03748163686815877
331,2011_WISCONSIN,WISCONSIN,2011,864251.0,11664303.0,1002909.0,5226954.0,5434440.0,11440718.0,6138402.0,3668777.0,479352.0,541918.0,245.0,289.0,221.0,267.0,255.5,5705288,270666.3,0.04744130357661173
332,2011_WYOMING,WYOMING,2011,88165.0,1650621.0,154955.0,878979.0,616687.0,1656850.0,825783.0,528352.0,52046.0,234408.0,244.0,288.0,224.0,270.0,256.5,567299,39440.3,0.069522949978759
333,2013_ALABAMA,ALABAMA,2013,744548.0,7197439.0,811739.0,3898347.0,2487353.0,7487741.0,3747993.0,2317243.0,576737.0,643522.0,233.0,269.0,219.0,257.0,244.5,4830081,188814.2,0.03909131130513133
334,2013_ALASKA,ALASKA,2013,131091.0,2545117.0,320938.0,1707449.0,516730.0,2665933.0,1324649.0,982442.0,87165.0,248505.0,236.0,282.0,209.0,261.0,247.0,737068,54748.1,0.07427822127673431
335,2013_ARIZONA,ARIZONA,2013,941726.0,8164324.0,1178356.0,2934165.0,4051803.0,7600581.0,3824071.0,2643742.0,368750.0,558466.0,240.0,280.0,213.0,260.0,248.25,6632764,269967.4,0.0407020964412423
336,2013_ARKANSAS,ARKANSAS,2013,477716.0,5067546.0,572096.0,3847045.0,648405.0,5226339.0,2545564.0,1694335.0,281692.0,533975.0,240.0,278.0,219.0,262.0,249.75,2959400,110301.4,0.037271541528688244
337,2013_CALIFORNIA,CALIFORNIA,2013,6208733.0,68868516.0,7836263.0,35141208.0,25891045.0,69727119.0,34194878.0,20595508.0,3461759.0,6160059.0,234.0,276.0,213.0,262.0,246.25,38260787,2219610.5,0.058012672347800893
338,2013_COLORADO,COLORADO,2013,851063.0,8826868.0,696266.0,3693829.0,4436773.0,8699125.0,4292898.0,2773716.0,365228.0,758041.0,247.0,290.0,227.0,271.0,258.75,5269035,282605.5,0.053635153306060786
339,2013_CONNECTICUT,CONNECTICUT,2013,517812.0,10319361.0,434543.0,3870444.0,6014374.0,9758850.0,5562212.0,2966636.0,359881.0,487318.0,243.0,285.0,230.0,274.0,258.0,3594841,238621.4,0.0663788467973966
340,2013_DELAWARE,DELAWARE,2013,118685.0,1930466.0,151096.0,1124112.0,655258.0,1924626.0,1030897.0,560882.0,97722.0,157935.0,243.0,282.0,226.0,266.0,254.25,923576,59496.1,0.06441927897650004
341,2013_FLORIDA,FLORIDA,2013,2680074.0,24681548.0,3027018.0,9455562.0,12198968.0,25245400.0,13833236.0,7622221.0,1689414.0,1411455.0,242.0,281.0,227.0,266.0,254.0,19545621,784238.4,0.04012348341349707
342,2013_GEORGIA,GEORGIA,2013,1682620.0,17459504.0,1805878.0,7580785.0,8072841.0,17317504.0,9555687.0,4956142.0,932291.0,1632844.0,240.0,279.0,222.0,265.0,251.5,9972479,449796.1,0.045103740002861874
343,2013_HAWAII,HAWAII,2013,184760.0,2331770.0,310778.0,1962923.0,58069.0,2345917.0,1283872.0,770643.0,144746.0,146656.0,243.0,281.0,215.0,260.0,249.75,1408243,74294.1,0.05275659101447691
344,2013_IDAHO,IDAHO,2013,272070.0,2015534.0,237912.0,1278155.0,499467.0,1967676.0,1113400.0,631575.0,107264.0,62882.0,241.0,286.0,219.0,270.0,254.0,1611206,59966.8,0.037218580367749374
345,2013_ILLINOIS,ILLINOIS,2013,2069823.0,30057886.0,2311235.0,10382540.0,17364111.0,29517831.0,15285224.0,9509657.0,986182.0,1942608.0,239.0,285.0,219.0,267.0,252.5,12895129,719922.2,0.055829003339167835
346,2013_INDIANA,INDIANA,2013,1002772.0,12236713.0,980013.0,7503451.0,3753249.0,11211155.0,5535933.0,3595471.0,527250.0,862576.0,249.0,288.0,225.0,267.0,257.25,6568713,303966.8,0.046274940007273876
347,2013_IOWA,IOWA,2013,499489.0,6281345.0,459132.0,3118413.0,2703800.0,6318241.0,3174989.0,1748683.0,254025.0,783793.0,246.0,285.0,224.0,269.0,256.0,3092997,157902.5,0.05105161757350557
348,2013_KANSAS,KANSAS,2013,488590.0,5667223.0,420820.0,3193838.0,2052565.0,5621023.0,2969201.0,1595974.0,243032.0,616590.0,246.0,290.0,223.0,267.0,256.5,2893212,140355.8,0.048512103502957954
349,2013_KENTUCKY,KENTUCKY,2013,685009.0,7216175.0,867735.0,3960822.0,2387618.0,7413896.0,3663594.0,2323851.0,457079.0,729064.0,241.0,281.0,224.0,270.0,254.0,4404659,179499.1,0.04075209908417428
350,2013_LOUISIANA,LOUISIANA,2013,671156.0,8121179.0,1229248.0,3370399.0,3521532.0,7940880.0,3963343.0,2657751.0,436167.0,644212.0,231.0,273.0,210.0,257.0,242.75,4624527,226345.4,0.048944551518457995
351,2013_MAINE,MAINE,2013,184682.0,2650346.0,196466.0,1029166.0,1424714.0,2535405.0,1351259.0,867538.0,116847.0,70345.0,246.0,289.0,225.0,269.0,257.25,1328009,52456.3,0.039499958208114555
352,2013_MARYLAND,MARYLAND,2013,859252.0,13814727.0,828432.0,6093652.0,6892643.0,13284637.0,7303090.0,4243954.0,357919.0,955586.0,245.0,287.0,232.0,274.0,259.5,5923188,334431.0,0.056461317790352086
353,2013_MASSACHUSETTS,MASSACHUSETTS,2013,920968.0,16114783.0,818054.0,6428534.0,8868195.0,16201905.0,9097982.0,4759997.0,467050.0,1283156.0,253.0,301.0,232.0,277.0,265.75,6713315,446190.4,0.06646349828661399
354,2013_MICHIGAN,MICHIGAN,2013,1381167.0,18270327.0,1636324.0,9882361.0,6751642.0,17468264.0,8885537.0,5675448.0,848456.0,962506.0,237.0,280.0,217.0,266.0,250.0,9913065,425327.3,0.04290573097220688
355,2013_MINNESOTA,MINNESOTA,2013,802454.0,10848720.0,646542.0,6792440.0,3409738.0,10942019.0,5826404.0,2652321.0,850969.0,1016760.0,253.0,295.0,227.0,271.0,261.5,5413479,303222.5,0.05601250138773975
356,2013_MISSISSIPPI,MISSISSIPPI,2013,492847.0,4444064.0,707522.0,2213501.0,1523041.0,4370050.0,2274357.0,1465175.0,284089.0,285801.0,231.0,271.0,209.0,253.0,241.0,2988711,99456.4,0.03327735602405184
357,2013_MISSOURI,MISSOURI,2013,897224.0,10103589.0,894168.0,4235564.0,4973857.0,10001763.0,5139610.0,3082015.0,566933.0,833040.0,240.0,283.0,222.0,267.0,253.0,6040715,271475.9,0.044941021054626815
358,2013_MONTANA,MONTANA,2013,142797.0,1671053.0,210593.0,788329.0,672131.0,1679521.0,907018.0,545326.0,74629.0,111496.0,244.0,289.0,223.0,272.0,257.0,1013569,42429.7,0.041861678879286955
359,2013_NEBRASKA,NEBRASKA,2013,303242.0,3870164.0,366241.0,1217306.0,2286617.0,3913038.0,2318463.0,1026626.0,168033.0,298231.0,243.0,285.0,223.0,269.0,255.0,1865279,103974.8,0.05574222408551214
360,2013_NEVADA,NEVADA,2013,431776.0,4131800.0,392009.0,2556472.0,1183319.0,4057443.0,2058538.0,1396907.0,166814.0,222161.0,236.0,278.0,214.0,262.0,247.5,2775970,128341.2,0.04623292038458629
361,2013_NEW_HAMPSHIRE,NEW_HAMPSHIRE,2013,187703.0,2976317.0,163890.0,1020089.0,1792338.0,2878534.0,1642945.0,879507.0,76488.0,72588.0,253.0,296.0,232.0,274.0,263.75,1326622,68124.5,0.05135185455992739
362,2013_NEW_JERSEY,NEW_JERSEY,2013,1338657.0,28070096.0,1145079.0,10986132.0,15938885.0,28179900.0,15489942.0,9131634.0,1218744.0,933676.0,247.0,296.0,229.0,276.0,262.0,8856972,526889.9,0.05948871691137784
363,2013_NEW_MEXICO,NEW_MEXICO,2013,327209.0,3518621.0,519318.0,2401884.0,597419.0,3536546.0,1709797.0,1096508.0,145330.0,514077.0,233.0,273.0,206.0,256.0,242.0,2092273,86624.8,0.04140224530928804
364,2013_NEW_YORK,NEW_YORK,2013,2629805.0,59623918.0,3335657.0,23632698.0,32655563.0,60505950.0,38756656.0,14846782.0,1462376.0,3982327.0,240.0,282.0,224.0,266.0,253.0,19624447,1325490.0,0.067542794963853
365,2013_NORTH_CAROLINA,NORTH_CAROLINA,2013,1468228.0,12729402.0,1579889.0,7891977.0,3257536.0,13650536.0,7681386.0,3957680.0,744037.0,653058.0,245.0,286.0,222.0,265.0,254.5,9843336,445109.6,0.045219384972736885
366,2013_NORTH_DAKOTA,NORTH_DAKOTA,2013,101025.0,1405349.0,145905.0,685348.0,574096.0,1516575.0,718970.0,400607.0,94995.0,224615.0,246.0,291.0,224.0,268.0,257.25,722036,52385.5,0.07255247660781457
367,2013_OHIO,OHIO,2013,1613718.0,22536516.0,1721213.0,8990516.0,11824787.0,22015797.0,10800145.0,7376469.0,916885.0,1998557.0,246.0,290.0,224.0,269.0,257.25,11576684,550692.3,0.04756908800482073
368,2013_OKLAHOMA,OKLAHOMA,2013,671445.0,5878111.0,715944.0,2890048.0,2272119.0,5796945.0,2800189.0,1972011.0,404107.0,557341.0,239.0,276.0,217.0,262.0,248.5,3853214,176862.6,0.04590002008712727
369,2013_OREGON,OREGON,2013,564006.0,6077498.0,471682.0,3041825.0,2563991.0,6228197.0,3261733.0,2067538.0,228499.0,343353.0,240.0,284.0,219.0,268.0,252.75,3922468,175811.6,0.04482167859623074
370,2013_PENNSYLVANIA,PENNSYLVANIA,2013,1623694.0,28484645.0,2049113.0,9764558.0,16670974.0,28495118.0,15456205.0,7737010.0,1178563.0,1501024.0,244.0,290.0,226.0,272.0,258.0,12776309,650802.3,0.05093820914944997
371,2013_RHODE_ISLAND,RHODE_ISLAND,2013,136401.0,2282659.0,193393.0,841875.0,1247391.0,2231413.0,1265936.0,765178.0,96721.0,35089.0,241.0,284.0,223.0,267.0,253.75,1055081,51679.0,0.04898107349104002
372,2013_SOUTH_CAROLINA,SOUTH_CAROLINA,2013,722249.0,8254462.0,814137.0,3819285.0,3621040.0,8224795.0,3933177.0,2621911.0,426662.0,853410.0,237.0,280.0,214.0,261.0,248.0,4764080,178757.4,0.03752191398968951
373,2013_SOUTH_DAKOTA,SOUTH_DAKOTA,2013,130296.0,1316613.0,194731.0,408009.0,713873.0,1332496.0,663258.0,390637.0,64999.0,179586.0,241.0,287.0,218.0,268.0,253.5,842316,43737.7,0.05192552438752202
374,2013_TENNESSEE,TENNESSEE,2013,992461.0,9008032.0,1165801.0,4097627.0,3744604.0,9248235.0,5191269.0,2780452.0,534815.0,564756.0,240.0,278.0,220.0,265.0,250.75,6494340,287259.0,0.044232208353735716
375,2013_TEXAS,TEXAS,2013,4897523.0,49734537.0,5695947.0,18873046.0,25165544.0,50674724.0,24226519.0,14150552.0,2585417.0,5472152.0,242.0,288.0,217.0,264.0,252.75,26480266,1470464.6,0.05553058266106542
376,2013_UTAH,UTAH,2013,562315.0,4300793.0,409774.0,2235917.0,1655102.0,4584624.0,2361179.0,1097484.0,309365.0,698249.0,243.0,284.0,223.0,270.0,255.0,2897640,132169.1,0.04561267100122859
377,2013_VERMONT,VERMONT,2013,89200.0,1817307.0,114697.0,1431621.0,270989.0,1809138.0,935593.0,538854.0,57026.0,55825.0,248.0,295.0,228.0,274.0,261.25,626210,28367.9,0.045300937385222215
378,2013_VIRGINIA,VIRGINIA,2013,1264880.0,15322318.0,1108879.0,5874323.0,8339116.0,15634918.0,8445746.0,4874065.0,626080.0,1089417.0,246.0,288.0,229.0,268.0,257.75,8252427,446625.0,0.05412044238622166
379,2013_WASHINGTON,WASHINGTON,2013,1050901.0,12242231.0,1042200.0,7159428.0,4040603.0,12097549.0,5911337.0,3777476.0,537261.0,1443002.0,246.0,290.0,225.0,272.0,258.25,6963985,411468.9,0.05908526511760149
380,2013_WEST_VIRGINIA,WEST_VIRGINIA,2013,282310.0,3486366.0,383169.0,2027414.0,1075783.0,3488877.0,1828234.0,1130079.0,225073.0,284685.0,237.0,274.0,215.0,257.0,245.75,1853914,70121.2,0.037823329453254034
381,2013_WISCONSIN,WISCONSIN,2013,863737.0,11097447.0,827432.0,5587013.0,4683002.0,10845059.0,5637545.0,3551036.0,496850.0,521352.0,245.0,289.0,221.0,268.0,255.75,5736754,275648.7,0.04804959389926777
382,2013_WYOMING,WYOMING,2013,91533.0,1695967.0,113501.0,881114.0,701352.0,1675477.0,846872.0,546422.0,52001.0,213920.0,247.0,288.0,226.0,271.0,258.0,582122,38523.2,0.06617719309697967
383,2015_ALABAMA,ALABAMA,2015,734974.0,7360222.0,795238.0,4080167.0,2484817.0,7501799.0,3817479.0,2414860.0,594283.0,510091.0,231.0,267.0,217.0,259.0,243.5,4852347,189428.8,0.03903859307671112
384,2015_ALASKA,ALASKA,2015,130755.0,2920986.0,344111.0,2026555.0,550320.0,2968341.0,1484610.0,1068849.0,92766.0,281914.0,236.0,280.0,213.0,260.0,247.25,737498,54015.3,0.07324128336619218
385,2015_ARIZONA,ARIZONA,2015,944978.0,8230507.0,1093834.0,3232013.0,3904660.0,7902600.0,3846357.0,2880184.0,478876.0,497662.0,238.0,283.0,215.0,263.0,249.75,6829676,281935.6,0.04128096266938578
386,2015_ARKANSAS,ARKANSAS,2015,479682.0,5308625.0,581412.0,4075118.0,652095.0,5350543.0,2620399.0,1772639.0,290396.0,511556.0,235.0,275.0,218.0,259.0,246.75,2978048,112938.9,0.03792380109387088
387,2015_CALIFORNIA,CALIFORNIA,2015,6226523.0,78248042.0,7556365.0,42360470.0,28331207.0,78365958.0,38951948.0,23501848.0,3754315.0,6373893.0,232.0,275.0,213.0,259.0,244.75,38918045,2437366.9,0.06262819471019163
388,2015_COLORADO,COLORADO,2015,872320.0,9648297.0,715254.0,4354525.0,4578518.0,9557682.0,4578938.0,3170482.0,397263.0,923360.0,242.0,286.0,224.0,268.0,255.0,5450623,308898.9,0.05667221893717471
389,2015_CONNECTICUT,CONNECTICUT,2015,505366.0,11099837.0,444073.0,4353546.0,6302218.0,10542667.0,6006275.0,3233901.0,362941.0,530491.0,240.0,284.0,229.0,273.0,256.5,3587122,245304.5,0.0683847663948982
390,2015_DELAWARE,DELAWARE,2015,121845.0,2017075.0,137544.0,1142333.0,737198.0,1975093.0,1072395.0,583951.0,122741.0,103129.0,239.0,280.0,224.0,263.0,251.5,941252,66527.0,0.07067926548894451
391,2015_FLORIDA,FLORIDA,2015,2743641.0,26971491.0,3118041.0,10661586.0,13191864.0,27277049.0,14931173.0,8186082.0,1816178.0,1681665.0,243.0,275.0,227.0,263.0,252.0,20209042,842269.4,0.04167784895493809
392,2015_GEORGIA,GEORGIA,2015,1717805.0,18584666.0,1831221.0,8310872.0,8442573.0,18501103.0,10081483.0,5324072.0,996277.0,1879063.0,236.0,279.0,222.0,262.0,249.75,10178447,484378.4,0.047588635083525024
393,2015_HAWAII,HAWAII,2015,182384.0,2703683.0,259390.0,2381547.0,62746.0,2521004.0,1377713.0,835930.0,145560.0,161801.0,238.0,279.0,215.0,257.0,247.25,1422052,77176.6,0.05427129247031755
394,2015_IDAHO,IDAHO,2015,274131.0,2167967.0,232449.0,1381205.0,554313.0,2029520.0,1130814.0,663005.0,108684.0,75680.0,239.0,284.0,222.0,269.0,253.5,1651059,63235.7,0.03830008497576404
395,2015_ILLINOIS,ILLINOIS,2015,2047123.0,32096832.0,2262192.0,11858968.0,17975672.0,32410033.0,17313173.0,10279691.0,992075.0,2056951.0,237.0,282.0,222.0,267.0,252.0,12858913,747666.8,0.058143857105184556
396,2015_INDIANA,INDIANA,2015,1004215.0,12456571.0,929878.0,7676341.0,3850352.0,11378564.0,5537406.0,3712136.0,547516.0,948358.0,248.0,287.0,227.0,268.0,257.5,6608422,311850.4,0.04718984350575675
397,2015_IOWA,IOWA,2015,505311.0,6714410.0,458457.0,3460798.0,2795155.0,6772654.0,3383909.0,1912222.0,262267.0,842674.0,243.0,286.0,224.0,268.0,255.25,3120960,170545.9,0.054645333487132165
398,2015_KANSAS,KANSAS,2015,496920.0,5991731.0,475273.0,3967809.0,1548649.0,6175724.0,3051755.0,1692953.0,250584.0,963767.0,241.0,284.0,221.0,267.0,253.25,2909011,147929.8,0.050852265598170646
399,2015_KENTUCKY,KENTUCKY,2015,688475.0,7548871.0,848963.0,4176753.0,2523155.0,7554887.0,3807748.0,2417226.0,468694.0,600859.0,242.0,278.0,228.0,268.0,254.0,4425976,182487.9,0.041231109251383194
400,2015_LOUISIANA,LOUISIANA,2015,661015.0,8448743.0,1235580.0,3480365.0,3732798.0,8437263.0,4100906.0,2774314.0,416066.0,780338.0,234.0,268.0,216.0,255.0,243.25,4664628,230434.0,0.0494002951575131
401,2015_MAINE,MAINE,2015,176176.0,2739589.0,183883.0,1060925.0,1494781.0,2596180.0,1406898.0,910381.0,109541.0,55686.0,242.0,285.0,224.0,268.0,254.75,1328262,53879.3,0.0405637592583391
402,2015_MARYLAND,MARYLAND,2015,874108.0,14491642.0,819162.0,6267624.0,7404856.0,13882823.0,7686024.0,4358416.0,386104.0,1050651.0,239.0,283.0,223.0,268.0,253.25,5985562,349146.8,0.058331498362225634
403,2015_MASSACHUSETTS,MASSACHUSETTS,2015,916130.0,16985185.0,778939.0,6808436.0,9397810.0,16972319.0,9774884.0,5043032.0,497880.0,1034539.0,251.0,297.0,235.0,274.0,264.25,6794228,471979.2,0.0694676716766055
404,2015_MICHIGAN,MICHIGAN,2015,1345009.0,19025996.0,1582706.0,10510346.0,6932944.0,17742903.0,9040821.0,5839572.0,831874.0,967476.0,236.0,278.0,216.0,264.0,248.5,9931715,442287.6,0.044532852583868944
405,2015_MINNESOTA,MINNESOTA,2015,807044.0,11684249.0,629909.0,7567199.0,3487141.0,11969872.0,6257807.0,2933999.0,893322.0,1328863.0,250.0,294.0,223.0,270.0,259.25,5482032,316863.3,0.0578003375390731
406,2015_MISSISSIPPI,MISSISSIPPI,2015,490189.0,4592343.0,672366.0,2324855.0,1595122.0,4624539.0,2350872.0,1525340.0,285117.0,407791.0,234.0,271.0,214.0,252.0,242.75,2988471,100013.6,0.03346647834293858
407,2015_MISSOURI,MISSOURI,2015,892779.0,10623391.0,948600.0,4441091.0,5233700.0,10540353.0,5387766.0,3266781.0,615166.0,869078.0,239.0,281.0,223.0,267.0,252.5,6071732,276316.7,0.04550871151757028
408,2015_MONTANA,MONTANA,2015,144447.0,1804339.0,214980.0,851068.0,738291.0,1804841.0,940488.0,581694.0,80426.0,160885.0,241.0,287.0,225.0,270.0,255.75,1030475,45042.5,0.0437104248040952
409,2015_NEBRASKA,NEBRASKA,2015,312281.0,4248695.0,344382.0,1350116.0,2554197.0,4283846.0,2446701.0,1102622.0,183067.0,449287.0,244.0,286.0,227.0,269.0,256.5,1891277,110752.9,0.058559851359689774
410,2015_NEVADA,NEVADA,2015,438948.0,4345419.0,395630.0,2744606.0,1205183.0,4183085.0,2170424.0,1459504.0,174388.0,205794.0,234.0,275.0,214.0,259.0,245.5,2866939,134892.2,0.04705094876451854
411,2015_NEW_HAMPSHIRE,NEW_HAMPSHIRE,2015,183039.0,3093061.0,164905.0,1000063.0,1928093.0,3044720.0,1697165.0,938368.0,75581.0,125475.0,249.0,294.0,232.0,275.0,262.5,1336350,71419.1,0.05344340928648932
412,2015_NEW_JERSEY,NEW_JERSEY,2015,1339230.0,29335237.0,1154004.0,11423305.0,16757928.0,28809725.0,15339450.0,9414336.0,1271558.0,1290946.0,245.0,293.0,229.0,271.0,259.5,8867949,535284.5,0.06036170257632289
413,2015_NEW_MEXICO,NEW_MEXICO,2015,326297.0,3789651.0,499789.0,2595682.0,694180.0,3846641.0,1773801.0,1256303.0,154435.0,587243.0,231.0,271.0,207.0,253.0,240.5,2089291,91679.5,0.043880675310428274
414,2015_NEW_YORK,NEW_YORK,2015,2631532.0,63712218.0,2869847.0,25900858.0,34941513.0,65094591.0,41954260.0,15714795.0,1540851.0,4536014.0,237.0,280.0,223.0,263.0,250.75,19654666,1372232.4,0.0698171314638468
415,2015_NORTH_CAROLINA,NORTH_CAROLINA,2015,1465031.0,13146934.0,1589570.0,8172685.0,3384679.0,14060699.0,7960222.0,4082387.0,746694.0,698847.0,244.0,281.0,226.0,261.0,253.0,10031646,469535.6,0.04680543950613887
416,2015_NORTH_DAKOTA,NORTH_DAKOTA,2015,106061.0,1644533.0,158373.0,942772.0,543388.0,1804762.0,825445.0,483984.0,110836.0,303053.0,245.0,288.0,225.0,267.0,256.25,754066,55067.4,0.07302729469303748
417,2015_OHIO,OHIO,2015,1600222.0,24378660.0,1676820.0,10169760.0,12532080.0,22561728.0,11620080.0,7324444.0,922732.0,1750785.0,244.0,285.0,225.0,266.0,255.0,11617527,579943.2,0.04991967739778009
418,2015_OKLAHOMA,OKLAHOMA,2015,671715.0,6121188.0,688990.0,2993050.0,2439148.0,6184819.0,3000894.0,2041507.0,414086.0,663768.0,240.0,275.0,222.0,263.0,250.0,3909500,193237.7,0.049427727330860725
419,2015_OREGON,OREGON,2015,570376.0,7111710.0,577106.0,3678001.0,2856603.0,7011609.0,3650855.0,2272382.0,249968.0,477516.0,238.0,283.0,220.0,268.0,252.25,4015792,191864.2,0.04777742472717711
420,2015_PENNSYLVANIA,PENNSYLVANIA,2015,1589429.0,29967185.0,1857885.0,10532452.0,17576848.0,29690645.0,16058338.0,8196747.0,1050310.0,1663209.0,243.0,284.0,227.0,269.0,255.75,12784826,682527.0,0.05338570896467422
421,2015_RHODE_ISLAND,RHODE_ISLAND,2015,134574.0,2367068.0,184718.0,908963.0,1273387.0,2326473.0,1322055.0,792525.0,90209.0,50889.0,238.0,281.0,225.0,265.0,252.25,1056065,52957.8,0.05014634515867868
422,2015_SOUTH_CAROLINA,SOUTH_CAROLINA,2015,737401.0,8759944.0,836137.0,4094766.0,3829041.0,8783362.0,4123140.0,2893109.0,447019.0,928112.0,237.0,276.0,218.0,260.0,247.75,4891938,190294.1,0.03889953225081757
423,2015_SOUTH_DAKOTA,SOUTH_DAKOTA,2015,132836.0,1415149.0,206853.0,425614.0,782682.0,1464781.0,709363.0,426257.0,70128.0,222592.0,240.0,285.0,220.0,267.0,253.0,853988,45371.8,0.05312931797636501
424,2015_TENNESSEE,TENNESSEE,2015,994530.0,9455920.0,1122775.0,4385403.0,3947742.0,9562527.0,5343272.0,2862499.0,560697.0,553396.0,241.0,278.0,219.0,265.0,250.75,6591170,302970.2,0.04596607279132536
425,2015_TEXAS,TEXAS,2015,5004866.0,55582029.0,5830972.0,20967429.0,28783628.0,56255791.0,26745844.0,15145619.0,2783770.0,6765205.0,244.0,284.0,218.0,261.0,251.75,27470056,1595969.5,0.05809851643549616
426,2015_UTAH,UTAH,2015,573913.0,4705084.0,400213.0,2487937.0,1816934.0,4537962.0,2367650.0,1166728.0,271400.0,606254.0,243.0,286.0,226.0,269.0,256.0,2981835,141602.0,0.047488207764681815
427,2015_VERMONT,VERMONT,2015,85184.0,1996795.0,105333.0,1546600.0,344862.0,1969415.0,983532.0,566649.0,61871.0,58856.0,243.0,290.0,230.0,274.0,259.25,625216,28876.6,0.04618659791176169
428,2015_VIRGINIA,VIRGINIA,2015,1279867.0,15857524.0,1012205.0,6240349.0,8604970.0,16113212.0,8755896.0,5075509.0,627473.0,1086722.0,247.0,288.0,229.0,267.0,257.75,8361808,455830.0,0.054513330131473955
429,2015_WASHINGTON,WASHINGTON,2015,1072359.0,13709442.0,1036422.0,8293812.0,4379208.0,13630138.0,6508964.0,4510672.0,546926.0,1601069.0,245.0,287.0,226.0,267.0,256.25,7163657,446628.3,0.06234641049955351
430,2015_WEST_VIRGINIA,WEST_VIRGINIA,2015,279565.0,3478401.0,362959.0,1979466.0,1135976.0,3466981.0,1819903.0,1161944.0,233836.0,232738.0,235.0,271.0,216.0,260.0,245.5,1842050,70332.7,0.03818175402404929
431,2015_WISCONSIN,WISCONSIN,2015,861813.0,11637376.0,814385.0,5869265.0,4953726.0,11553677.0,5723474.0,3691809.0,513402.0,894823.0,243.0,289.0,223.0,270.0,256.25,5760940,288260.1,0.05003699049113512
432,2015_WYOMING,WYOMING,2015,93867.0,1962874.0,120290.0,1116917.0,725667.0,1942406.0,895910.0,565489.0,52520.0,409425.0,247.0,287.0,228.0,269.0,257.75,585613,39899.0,0.06813202575762492
